brand,model,base_color,processor,screen_size,ROM,RAM,display_size,num_rear_camera,num_front_camera,battery_capacity,ratings,num_of_ratings,sales_price,discount_percent,sales
Apple,iPhone SE,Black,Water,Very Small,64,2,4.7,1,1,1800,4.5,38645,32999,0.17,127.52
Apple,iPhone 12 Mini,Red,Ceramic,Small,64,4,5.4,2,1,2815,4.5,244,57149,0.04,1.39
Apple,iPhone SE,Red,Water,Very Small,64,2,4.7,1,1,1800,4.5,38645,32999,0.17,127.52
Apple,iPhone XR,Others,iOS,Medium,64,3,6.1,1,1,2942,4.6,5366,42999,0.1,23.07
Apple,iPhone 12,Red,Ceramic,Medium,128,4,6.1,2,1,2815,4.6,745,69149,0.02,5.15
Apple,iPhone 12,Blue,Ceramic,Medium,64,4,6.1,2,1,2815,4.6,745,64149,0.02,4.78
Apple,iPhone 12,White,Ceramic,Medium,128,4,6.1,2,1,2815,4.6,745,69149,0.02,5.15
Apple,iPhone 12,Green,Ceramic,Medium,64,4,6.1,2,1,2815,4.6,745,64149,0.02,4.78
Apple,iPhone 12,Blue,Ceramic,Medium,128,4,6.1,2,1,2815,4.6,745,69149,0.02,5.15
Apple,iPhone 12,Black,Ceramic,Medium,128,4,6.1,2,1,2815,4.6,745,69149,0.02,5.15
Apple,iPhone 12 Mini,Black,Ceramic,Small,64,4,5.4,2,1,2815,4.5,244,57149,0.04,1.39
Apple,iPhone 12,Green,Ceramic,Medium,128,4,6.1,2,1,2815,4.6,745,69149,0.02,5.15
Apple,iPhone 12 Mini,White,Ceramic,Small,128,4,5.4,2,1,2815,4.5,244,62149,0.04,1.52
Apple,iPhone 12,Blue,Ceramic,Medium,256,4,6.1,2,1,2815,4.6,745,79149,0.02,5.9
Apple,iPhone 12 Mini,Black,Ceramic,Small,128,4,5.4,2,1,2815,4.5,244,62149,0.04,1.52
Apple,iPhone XR,White,Water,Medium,128,3,6.1,1,1,2942,4.6,5366,47999,0.09,25.76
Apple,iPhone 12,Red,Ceramic,Medium,64,4,6.1,2,1,2815,4.6,745,64149,0.02,4.78
Apple,iPhone 12,Black,Ceramic,Medium,64,4,6.1,2,1,2815,4.6,745,64149,0.02,4.78
Apple,iPhone 12 Mini,White,Ceramic,Small,64,4,5.4,2,1,2815,4.5,244,57149,0.04,1.39
Apple,iPhone 12,Black,Ceramic,Medium,256,4,6.1,2,1,2815,4.6,745,79149,0.02,5.9
Apple,iPhone 12 Mini,Purple,Ceramic,Small,256,4,5.4,2,1,2815,4.5,244,72149,0.03,1.76
Apple,iPhone XR,Yellow,Water,Medium,128,3,6.1,1,1,2942,4.6,5366,47999,0.09,25.76
Apple,iPhone 12,White,Ceramic,Medium,256,4,6.1,2,1,2815,4.6,745,79149,0.02,5.9
Apple,iPhone 12,White,Ceramic,Medium,64,4,6.1,2,1,2815,4.6,745,64149,0.02,4.78
Apple,iPhone XR,Others,iOS,Medium,128,3,6.1,1,1,2942,4.6,5366,47999,0.09,25.76
Apple,iPhone XR,Black,Water,Medium,128,3,6.1,1,1,2942,4.6,5366,47999,0.09,25.76
Apple,iPhone 12,Green,Ceramic,Medium,256,4,6.1,2,1,2815,4.6,745,79149,0.02,5.9
Apple,iPhone XR,Others,Water,Medium,64,3,6.1,1,1,2942,4.6,5366,42999,0.1,23.07
Apple,iPhone 12 Mini,Green,Ceramic,Small,64,4,5.4,2,1,2815,4.5,244,57149,0.04,1.39
Apple,iPhone XR,Others,Water,Medium,128,3,6.1,1,1,2942,4.6,5366,47999,0.09,25.76
Apple,iPhone 12 Mini,Blue,Ceramic,Small,64,4,5.4,2,1,2815,4.5,244,57149,0.04,1.39
Apple,iPhone 12 Mini,Red,Ceramic,Small,128,4,5.4,2,1,2815,4.5,244,62149,0.04,1.52
Apple,iPhone 12 Mini,Blue,Ceramic,Small,256,4,5.4,2,1,2815,4.5,244,72149,0.15,1.76
Apple,iPhone XR,Black,iOS,Medium,64,3,6.1,1,1,2942,4.6,5366,42999,0.1,23.07
Apple,iPhone 12 Mini,White,Ceramic,Small,256,4,5.4,2,1,2815,4.5,244,72149,0.03,1.76
Apple,iPhone SE,White,Water,Very Small,64,2,4.7,1,1,1800,4.5,38645,32999,0.17,127.52
Apple,iPhone 12 Mini,Red,Ceramic,Small,256,4,5.4,2,1,2815,4.5,244,72149,0.03,1.76
Apple,iPhone 12 Mini,Black,Ceramic,Small,256,4,5.4,2,1,2815,4.5,244,72149,0.03,1.76
Apple,iPhone 12 Mini,Purple,Ceramic,Small,128,4,5.4,2,1,2815,4.5,244,62149,0.04,1.52
Apple,iPhone 12 Mini,Green,Ceramic,Small,256,4,5.4,2,1,2815,4.5,244,72149,0.03,1.76
Apple,iPhone 12 Mini,Green,Ceramic,Small,128,4,5.4,2,1,2815,4.5,244,62149,0.04,1.52
Apple,iPhone 12,Red,Ceramic,Medium,256,4,6.1,2,1,2815,4.6,745,79149,0.16,5.9
Apple,iPhone 8,Gold,iOS,Very Small,64,2,4.7,1,1,1800,4.5,11281,38999,0.02,43.99
Apple,iPhone 7 Plus,Black,iOS,Small,32,2,5.5,2,1,1800,4.5,29713,36999,0.02,109.94
Apple,iPhone XR,Black,iOS,Medium,128,3,6.1,1,1,2942,4.6,5366,47999,0.09,25.76
Apple,iPhone XR,White,iOS,Medium,128,3,6.1,1,1,2942,4.6,5366,47999,0.09,25.76
Apple,iPhone XR,Yellow,iOS,Medium,128,3,6.1,1,1,2942,4.6,5366,47999,0.09,25.76
Apple,iPhone XR,White,iOS,Medium,64,3,6.1,1,1,2942,4.6,5366,42999,0.1,23.07
Apple,iPhone XR,White,Water,Medium,64,3,6.1,1,1,2942,4.6,5366,42999,0.1,23.07
Apple,iPhone XR,Black,Water,Medium,64,3,6.1,1,1,2942,4.6,5366,42999,0.1,23.07
Apple,iPhone XR,Blue,iOS,Medium,64,3,6.1,1,1,2942,4.6,5366,42999,0.1,23.07
Apple,iPhone XR,Blue,iOS,Medium,128,3,6.1,1,1,2942,4.6,5366,47999,0.09,25.76
Apple,iPhone 12,Purple,Ceramic,Medium,128,4,6.1,2,1,2815,4.6,745,69149,0.18,5.15
Apple,iPhone XR,Blue,Water,Medium,64,3,6.1,1,1,2942,4.6,5366,42999,0.1,23.07
Apple,iPhone XR,Yellow,iOS,Medium,64,3,6.1,1,1,2942,4.6,5366,42999,0.1,23.07
Apple,iPhone 12,Purple,Ceramic,Medium,256,4,6.1,2,1,2815,4.6,745,79149,0.02,5.9
Poco,C3,Black,MediaTek,Large,64,4,6.5,3,1,5000,4.3,38496,8999,0.18,34.64
Poco,M3,Blue,Qualcomm,Large,64,4,6.5,3,1,6000,4.3,4687,10999,0.08,5.16
Poco,M2 Reloaded,Blue,MediaTek,Large,64,4,6.5,4,1,5000,4.3,14878,9999,0.16,14.88
Poco,C3,Blue,MediaTek,Large,32,3,6.5,3,1,5000,4.3,54470,7999,0.2,43.57
Poco,M3,Black,Qualcomm,Large,64,6,6.5,3,1,6000,4.3,39881,11999,0.07,47.85
Poco,C3,Black,MediaTek,Large,32,3,6.5,3,1,5000,4.3,54470,7999,0.2,43.57
Poco,M3,Blue,Qualcomm,Large,64,6,6.5,3,1,6000,4.3,39881,11999,0.07,47.85
Poco,M2 Reloaded,Black,MediaTek,Large,64,4,6.5,4,1,5000,4.3,14878,9999,0.16,14.88
Poco,M3,Yellow,Qualcomm,Large,64,6,6.5,3,1,6000,4.3,39881,11999,0.07,47.85
Poco,M3,Yellow,Qualcomm,Large,64,4,6.5,3,1,6000,4.3,4687,10999,0.08,5.16
Poco,M3,Black,Qualcomm,Large,64,4,6.5,3,1,6000,4.3,4687,10999,0.08,5.16
Poco,M3,Black,Qualcomm,Large,128,6,6.5,3,1,6000,4.3,39881,12999,0.13,51.84
Poco,C3,Blue,MediaTek,Large,64,4,6.5,3,1,5000,4.3,38496,8999,0.18,34.64
Poco,C3,Green,MediaTek,Large,32,3,6.5,3,1,5000,4.3,54470,7999,0.2,43.57
Poco,C3,Green,MediaTek,Large,64,4,6.5,3,1,5000,4.3,38496,8999,0.18,34.64
Poco,X3 Pro,Black,Qualcomm,Large,128,6,6.7,4,1,5160,4.4,10279,18999,0.2,19.53
Poco,M3 Pro 5G,Yellow,MediaTek,Large,128,6,6.5,3,1,5000,4.2,2462,16499,0.08,4.06
Poco,X3 Pro,Blue,Qualcomm,Large,128,6,6.7,4,1,5160,4.4,10279,18999,0.2,19.53
Poco,X3 Pro,Black,Qualcomm,Large,128,8,6.7,4,1,5160,4.4,4780,20999,0.19,10.04
Poco,X3 Pro,Blue,Qualcomm,Large,128,8,6.7,4,1,5160,4.4,4780,20999,0.19,10.04
Poco,M3 Pro 5G,Blue,MediaTek,Large,64,4,6.5,3,1,5000,4.2,3283,14499,0.09,4.76
Poco,M3 Pro 5G,Blue,MediaTek,Large,128,6,6.5,3,1,5000,4.2,2462,16499,0.08,4.06
Poco,M2 Pro,Others,Qualcomm,Large,128,6,6.7,4,1,5000,4.4,33364,15999,0.2,53.38
Poco,X3 Pro,Bronze,Qualcomm,Large,128,6,6.7,4,1,5160,4.4,10279,18999,0.2,19.53
Poco,M3 Pro 5G,Black,MediaTek,Large,128,6,6.5,3,1,5000,4.2,2462,16499,0.08,4.06
Poco,M2 Pro,Black,Qualcomm,Large,128,6,6.7,4,1,5000,4.4,33364,15999,0.2,53.38
Poco,M2 Pro,Blue,Qualcomm,Large,128,6,6.7,4,1,5000,4.4,33364,15999,0.2,53.38
Poco,X3 Pro,Bronze,Qualcomm,Large,128,8,6.7,4,1,5160,4.4,4780,20999,0.19,10.04
Poco,M3,Blue,Qualcomm,Large,128,6,6.5,3,1,6000,4.3,39881,12999,0.13,51.84
Poco,M3 Pro 5G,Yellow,MediaTek,Large,64,4,6.5,3,1,5000,4.2,3283,14499,0.09,4.76
Poco,F3 GT,Black,MediaTek,Large,128,8,6.7,3,1,5065,4.3,1041,28999,0.17,3.02
Poco,M2 Pro,Blue,Qualcomm,Large,64,6,6.7,4,1,5000,4.4,33364,14999,0.16,50.04
Poco,M2 Pro,Blue,Qualcomm,Large,64,4,6.7,4,1,5000,4.3,23598,13999,0.17,33.03
Poco,M2 Pro,Others,Qualcomm,Large,64,4,6.7,4,1,5000,4.3,23598,13999,0.17,33.03
Poco,M2 Pro,Black,Qualcomm,Large,64,4,6.7,4,1,5000,4.3,23598,13999,0.17,33.03
Poco,X3,Blue,Qualcomm,Large,128,8,6.7,4,1,6000,4.3,3960,18999,0.17,7.52
Poco,F3 GT,Silver,MediaTek,Large,256,8,6.7,3,1,5065,4.3,1041,30999,0.16,3.23
Poco,F3 GT,Black,MediaTek,Large,256,8,6.7,3,1,5065,4.3,1041,30999,0.16,3.23
Poco,F3 GT,Silver,MediaTek,Large,128,8,6.7,3,1,5065,4.3,1041,28999,0.17,3.02
Poco,F3 GT,Black,MediaTek,Large,128,6,6.7,3,1,5065,4.3,554,26999,0.18,1.5
Poco,F3 GT,Silver,MediaTek,Large,128,6,6.7,3,1,5065,4.3,554,26999,0.18,1.5
Poco,F1,Blue,Qualcomm,Medium,256,8,6.2,2,1,4000,4.5,14022,21999,0.29,30.85
Poco,F1,Black,Qualcomm,Medium,128,6,6.2,2,1,4000,4.6,122001,18999,0.09,231.79
Poco,M3,Yellow,Qualcomm,Large,128,6,6.5,3,1,6000,4.3,39881,12999,0.13,51.84
Poco,M2 Pro,Black,Qualcomm,Large,64,6,6.7,4,1,5000,4.4,33364,14999,0.16,50.04
Poco,M2 Pro,Others,Qualcomm,Large,64,6,6.7,4,1,5000,4.4,33364,14999,0.16,50.04
Poco,M2,Red,MediaTek,Large,128,6,6.5,4,1,5000,4.3,98156,11499,0.23,112.87
Poco,X3,Blue,Qualcomm,Large,128,6,6.7,4,1,6000,4.3,26752,16999,0.19,45.48
Poco,X3,Blue,Qualcomm,Large,64,6,6.7,4,1,6000,4.3,26752,15999,0.2,42.8
Poco,X3,Gray,Qualcomm,Large,64,6,6.7,4,1,6000,4.3,26752,15999,0.2,42.8
Poco,X3,Gray,Qualcomm,Large,128,6,6.7,4,1,6000,4.3,26752,16999,0.19,45.48
Poco,M2,Black,MediaTek,Large,128,6,6.5,4,1,5000,4.3,98156,11499,0.23,112.87
Poco,M2,Blue,MediaTek,Large,128,6,6.5,4,1,5000,4.3,98156,11499,0.23,112.87
Poco,X3,Gray,Qualcomm,Large,128,8,6.7,4,1,6000,4.3,3960,18999,0.17,7.52
Poco,X2,Red,Qualcomm,Large,128,6,6.7,4,2,4500,4.5,267028,15999,0.2,427.22
Poco,M2,Red,MediaTek,Large,64,6,6.5,4,1,5000,4.3,98156,10499,0.19,103.05
Realme,C20,Blue,MediaTek,Large,32,2,6.5,1,1,5000,4.4,97955,7499,0.06,73.46
Realme,C20,Gray,MediaTek,Large,32,2,6.5,1,1,5000,4.4,97955,7499,0.06,73.46
Realme,C11 2021,Gray,Others,Large,32,2,6.5,1,1,5000,4.3,4850,7299,0.08,3.54
Realme,C11 2021,Blue,Others,Large,32,2,6.5,1,1,5000,4.3,4850,7299,0.08,3.54
Realme,C21Y,Black,Others,Large,64,4,6.5,3,1,5000,4.4,4906,9999,0.09,4.91
Realme,C21Y,Blue,Others,Large,64,4,6.5,3,1,5000,4.4,4906,9999,0.09,4.91
Realme,Narzo 30 5G,Blue,MediaTek,Large,64,4,6.5,3,1,5000,4.4,731,14999,0.06,1.1
Realme,Narzo 30 5G,Silver,MediaTek,Large,64,4,6.5,3,1,5000,4.4,731,14999,0.06,1.1
Realme,Narzo 30 5G,Blue,MediaTek,Large,128,6,6.5,3,1,5000,4.3,10996,16999,0.05,18.69
Realme,Narzo 30 5G,Silver,MediaTek,Large,128,6,6.5,3,1,5000,4.3,10996,16999,0.05,18.69
Realme,C21,Blue,MediaTek,Large,64,4,6.5,3,1,5000,4.4,23941,9999,0.09,23.94
Realme,C21,Blue,MediaTek,Large,32,3,6.5,3,1,5000,4.4,15348,8999,0.1,13.81
Realme,C21,Black,MediaTek,Large,64,4,6.5,3,1,5000,4.4,23941,9999,0.09,23.94
Realme,C21,Black,MediaTek,Large,32,3,6.5,3,1,5000,4.4,15348,8999,0.1,13.81
Realme,Narzo 30,Blue,MediaTek,Large,64,6,6.5,3,1,5000,4.3,3677,14499,0.09,5.33
Realme,C11 2021,Blue,Others,Large,64,4,6.5,1,1,5000,4.2,1096,8799,0.12,0.96
Realme,Narzo 30,Silver,MediaTek,Large,64,4,6.5,3,1,5000,4.3,6434,13499,0.1,8.69
Realme,Narzo 30,Blue,MediaTek,Large,64,4,6.5,3,1,5000,4.3,6434,13499,0.1,8.69
Realme,Narzo 30,Silver,MediaTek,Large,64,6,6.5,3,1,5000,4.3,3677,14499,0.09,5.33
Realme,C11 2021,Gray,Others,Large,64,4,6.5,1,1,5000,4.2,1096,8799,0.12,0.96
Realme,8s 5G,Purple,MediaTek,Large,128,6,6.5,3,1,5000,4.5,1206,17999,0.14,2.17
Realme,8s 5G,Blue,MediaTek,Large,128,6,6.5,3,1,5000,4.5,1206,17999,0.14,2.17
Realme,Narzo 30A,Black,MediaTek,Large,32,3,6.5,2,1,6000,4.3,28794,8999,0.1,25.91
Realme,Narzo 30,Blue,MediaTek,Large,128,6,6.5,3,1,5000,4.3,3677,15499,0.08,5.7
Realme,Narzo 30,Silver,MediaTek,Large,128,6,6.5,3,1,5000,4.3,3677,15499,0.08,5.7
Realme,8 5G,Black,MediaTek,Large,128,4,6.5,3,1,5000,4.3,9853,16499,0.02,16.26
Realme,8 5G,Blue,MediaTek,Large,64,4,6.5,3,1,5000,4.3,9853,15499,0.03,15.27
Realme,8 5G,Black,MediaTek,Large,64,4,6.5,3,1,5000,4.3,9853,15499,0.03,15.27
Realme,8 Pro,Black,Qualcomm,Medium,128,8,6.4,4,1,4500,4.4,4624,20149,0.08,9.32
Realme,C15,Blue,MediaTek,Large,32,3,6.5,4,1,6000,4.3,13423,9999,0.16,13.42
Realme,8 5G,Blue,MediaTek,Large,128,8,6.5,3,1,5000,4.3,6925,18499,0.02,12.81
Realme,8 5G,Black,MediaTek,Large,128,8,6.5,3,1,5000,4.3,6925,18499,0.02,12.81
Realme,8 5G,Blue,MediaTek,Large,128,4,6.5,3,1,5000,4.3,9853,16499,0.02,16.26
Realme,8 Pro,Black,Qualcomm,Medium,128,6,6.4,4,1,4500,4.3,10126,18149,0.09,18.38
Realme,8 Pro,Blue,Qualcomm,Medium,128,8,6.4,4,1,4500,4.4,4624,20149,0.08,9.32
Realme,8,Silver,MediaTek,Medium,128,8,6.4,4,1,5000,4.3,7334,17999,0.05,13.2
Realme,8,Black,MediaTek,Medium,128,4,6.4,4,1,5000,4.3,11039,15999,0.05,17.66
Realme,8,Black,MediaTek,Medium,128,6,6.4,4,1,5000,4.3,7004,16999,0.05,11.91
Realme,8,Black,MediaTek,Medium,128,8,6.4,4,1,5000,4.3,7334,17999,0.05,13.2
Realme,8,Silver,MediaTek,Medium,128,6,6.4,4,1,5000,4.3,7004,16999,0.05,11.91
Realme,GT Master Edition,White,Qualcomm,Medium,256,8,6.4,3,1,4300,4.3,105,29999,0.06,0.31
Realme,X7 5G,Others,MediaTek,Medium,128,8,6.4,3,1,4310,4.3,4907,22149,0.07,10.87
Realme,7,Blue,MediaTek,Large,64,6,6.5,4,1,5000,4.3,64636,14999,0.16,96.95
Realme,Narzo 30 Pro 5G,Silver,MediaTek,Large,64,6,6.5,3,1,5000,4.3,12805,17149,0.09,21.96
Realme,Narzo 30 Pro 5G,Black,MediaTek,Large,64,6,6.5,3,1,5000,4.3,12805,17149,0.09,21.96
Realme,C12,Silver,MediaTek,Large,32,3,6.5,3,1,6000,4.4,155242,8999,0.18,139.7
Realme,C11,Gray,MediaTek,Large,32,2,6.5,2,1,5000,4.4,223672,7499,0.16,167.73
Realme,C11,Green,MediaTek,Large,32,2,6.5,2,1,5000,4.4,223672,7499,0.16,167.73
Realme,X7 5G,Others,MediaTek,Medium,128,6,6.4,3,1,4310,4.3,14204,19999,0.09,28.41
Realme,GT Master Edition,Black,Qualcomm,Medium,128,8,6.4,3,1,4300,4.3,105,27999,0.06,0.29
Realme,GT Master Edition,Gray,Qualcomm,Medium,128,8,6.4,3,1,4300,4.3,105,27999,0.06,0.29
Realme,GT Master Edition,Black,Qualcomm,Medium,128,6,6.4,3,1,4300,4.1,19,25999,0.03,0.05
Realme,Narzo 30 Pro 5G,Silver,MediaTek,Large,128,8,6.5,3,1,5000,4.3,5485,20149,0.08,11.05
Realme,Narzo 30 Pro 5G,Black,MediaTek,Large,128,8,6.5,3,1,5000,4.3,5485,20149,0.08,11.05
Realme,GT Master Edition,Gray,Qualcomm,Medium,128,6,6.4,3,1,4300,4.1,19,25999,0.03,0.05
Realme,GT Master Edition,White,Qualcomm,Medium,128,8,6.4,3,1,4300,4.3,105,27999,0.06,0.29
Realme,GT Master Edition,Gray,Qualcomm,Medium,256,8,6.4,3,1,4300,4.3,105,29999,0.06,0.31
Realme,GT Master Edition,Black,Qualcomm,Medium,256,8,6.4,3,1,4300,4.3,105,29999,0.06,0.31
Realme,GT Master Edition,White,Qualcomm,Medium,128,6,6.4,3,1,4300,4.1,19,25999,0.03,0.05
Realme,X7 Max,Black,MediaTek,Medium,128,8,6.4,3,1,4500,4.3,3684,27149,0.09,10.0
Realme,X7 Max,Silver,MediaTek,Medium,128,8,6.4,3,1,4500,4.3,3684,27149,0.09,10.0
Realme,X7 Max,Black,MediaTek,Medium,256,12,6.4,3,1,4500,4.3,1282,30149,0.08,3.87
Realme,X7 Max,Others,MediaTek,Medium,256,12,6.4,3,1,4500,4.3,1282,30149,0.08,3.87
Realme,X7 Max,Others,MediaTek,Medium,128,8,6.4,3,1,4500,4.3,3684,27149,0.09,10.0
Realme,X7 Max,Silver,MediaTek,Medium,256,12,6.4,3,1,4500,4.3,1282,30149,0.08,3.87
Realme,GT 5G,Silver,Qualcomm,Medium,128,8,6.4,3,1,4500,4.3,50,37999,0.07,0.19
Realme,7,White,MediaTek,Large,128,8,6.5,4,1,5000,4.3,21670,17999,0.14,39.0
Realme,5 Pro,Blue,Qualcomm,Medium,128,8,6.3,4,1,4035,4.5,13460,16999,0.05,22.88
Realme,5 Pro,Blue,Qualcomm,Medium,64,6,6.3,4,1,4035,4.5,19347,14999,0.06,29.02
Realme,3i,Black,MediaTek,Medium,32,3,6.2,2,1,4230,4.4,50098,8499,0.05,42.58
Realme,3i,Blue,MediaTek,Medium,32,3,6.2,2,1,4230,4.4,50098,8499,0.05,42.58
Realme,Narzo 20 Pro,Others,MediaTek,Large,64,6,6.5,4,1,4500,4.3,53254,14999,0.11,79.88
Realme,7 Pro,Silver,Qualcomm,Medium,128,8,6.4,4,1,4500,4.3,8006,21999,0.04,17.61
Realme,7 Pro,Others,Qualcomm,Medium,128,8,6.4,4,1,4500,4.3,8006,21999,0.04,17.61
Realme,3i,Red,MediaTek,Medium,64,4,6.2,2,1,4230,4.4,13150,10499,0.04,13.81
Realme,3i,Blue,MediaTek,Medium,64,4,6.2,2,1,4230,4.4,13150,10499,0.04,13.81
Realme,X3 SuperZoom,Blue,Qualcomm,Large,128,8,6.6,4,2,4200,4.3,1746,27999,0.06,4.89
Realme,X3 SuperZoom,Blue,Qualcomm,Large,256,8,6.6,4,2,4200,4.3,1746,29999,0.06,5.24
Realme,GT 5G,Blue,Qualcomm,Medium,128,8,6.4,3,1,4500,4.3,50,37999,0.07,0.19
Realme,5 Pro,Green,Qualcomm,Medium,64,4,6.3,4,1,4035,4.5,24439,13999,0.06,34.21
Realme,X7 Pro 5G,Others,MediaTek,Large,128,8,6.5,4,1,4500,4.3,5552,30149,0.08,16.74
Realme,C2,Blue,MediaTek,Medium,16,2,6.1,2,1,4000,4.4,226996,6499,0.07,147.52
Realme,GT 5G,Yellow,Qualcomm,Medium,256,12,6.4,3,1,4500,4.3,81,41999,0.04,0.34
Realme,X3,White,Qualcomm,Large,128,8,6.6,4,2,4200,4.4,1705,25999,0.07,4.43
Realme,X7 Pro 5G,Black,MediaTek,Large,128,8,6.5,4,1,4500,4.3,5552,30149,0.08,16.74
Realme,6,Blue,MediaTek,Large,64,6,6.5,4,1,4300,4.4,62198,14999,0.16,93.29
Realme,C2,Black,MediaTek,Medium,32,2,6.1,2,1,4000,4.4,226996,6999,0.12,158.87
Realme,C2,Black,MediaTek,Medium,32,3,6.1,2,1,4000,4.4,35954,7499,0.16,26.96
Realme,X3 SuperZoom,Blue,Qualcomm,Large,256,12,6.6,4,2,4200,4.2,459,32999,0.05,1.51
Realme,X3 SuperZoom,White,Qualcomm,Large,256,12,6.6,4,2,4200,4.2,459,32999,0.05,1.51
Realme,X3 SuperZoom,White,Qualcomm,Large,256,8,6.6,4,2,4200,4.3,1746,29999,0.06,5.24
Realme,6,Blue,MediaTek,Large,128,8,6.5,4,1,4300,4.4,17621,16999,0.05,29.95
Realme,6i,White,MediaTek,Large,64,4,6.5,4,1,4300,4.4,60019,12999,0.13,78.02
Realme,6,White,MediaTek,Large,64,6,6.5,4,1,4300,4.4,62198,14999,0.16,93.29
Realme,Narzo 30A,Black,MediaTek,Large,64,4,6.5,2,1,6000,4.3,29744,10499,0.04,31.23
Realme,Narzo 30A,Blue,MediaTek,Large,64,4,6.5,2,1,6000,4.3,29744,10499,0.04,31.23
Realme,Narzo 30A,Blue,MediaTek,Large,32,3,6.5,2,1,6000,4.3,28794,8999,0.1,25.91
Realme,C15,Blue,MediaTek,Large,64,4,6.5,4,1,6000,4.4,30295,10999,0.15,33.32
Realme,C15,Silver,MediaTek,Large,64,4,6.5,4,1,6000,4.4,30295,10999,0.15,33.32
Realme,8 Pro,Blue,Qualcomm,Medium,128,6,6.4,4,1,4500,4.3,10126,18149,0.09,18.38
Realme,C25,Gray,MediaTek,Large,64,4,6.5,3,1,6000,4.4,10005,9999,0.09,10.0
Realme,8,Silver,MediaTek,Medium,128,4,6.4,4,1,5000,4.3,11039,15999,0.05,17.66
Realme,C25,Blue,MediaTek,Large,64,4,6.5,3,1,6000,4.4,10005,9999,0.09,10.0
Realme,C15,Silver,MediaTek,Large,32,3,6.5,4,1,6000,4.3,13423,9999,0.16,13.42
Realme,8 Pro,Yellow,Qualcomm,Medium,128,8,6.4,4,1,4500,4.4,4624,20149,0.08,9.32
Realme,8 Pro,Yellow,Qualcomm,Medium,128,6,6.4,4,1,4500,4.3,10126,18149,0.09,18.38
Realme,C25,Gray,MediaTek,Large,128,4,6.5,3,1,6000,4.4,10005,10999,0.08,11.0
Realme,C25,Blue,MediaTek,Large,128,4,6.5,3,1,6000,4.4,10005,10999,0.08,11.0
Realme,X7 5G,Silver,MediaTek,Medium,128,6,6.4,3,1,4310,4.3,14204,19999,0.09,28.41
Realme,C12,Blue,MediaTek,Large,32,3,6.5,3,1,6000,4.4,155242,8999,0.18,139.7
Realme,X7 5G,Silver,MediaTek,Medium,128,8,6.4,3,1,4310,4.3,4907,22149,0.07,10.87
Realme,3i,Black,MediaTek,Medium,64,4,6.2,2,1,4230,4.4,13150,10499,0.04,13.81
Realme,5 Pro,Green,Qualcomm,Medium,128,8,6.3,4,1,4035,4.5,13460,16999,0.05,22.88
Realme,3i,Red,MediaTek,Medium,32,3,6.2,2,1,4230,4.4,50098,8499,0.05,42.58
Realme,7 Pro,Blue,Qualcomm,Medium,128,6,6.4,4,1,4500,4.4,15407,19999,0.04,30.81
Realme,7,Blue,MediaTek,Large,128,8,6.5,4,1,5000,4.3,21670,17999,0.14,39.0
Realme,7 Pro,Others,Qualcomm,Medium,128,6,6.4,4,1,4500,4.4,15407,19999,0.04,30.81
Realme,7 Pro,Blue,Qualcomm,Medium,128,8,6.4,4,1,4500,4.3,8006,21999,0.04,17.61
Realme,7 Pro,Silver,Qualcomm,Medium,128,6,6.4,4,1,4500,4.4,15407,19999,0.04,30.81
Realme,5 Pro,White,Qualcomm,Medium,64,6,6.3,4,1,4035,4.5,19347,14999,0.06,29.02
Realme,5 Pro,Green,Qualcomm,Medium,64,6,6.3,4,1,4035,4.5,19347,14999,0.06,29.02
Realme,7,White,MediaTek,Large,64,6,6.5,4,1,5000,4.3,64636,14999,0.16,96.95
Realme,Narzo 20 Pro,Others,MediaTek,Large,128,8,6.5,4,1,4500,4.3,24632,16999,0.1,41.87
Realme,X3 SuperZoom,White,Qualcomm,Large,128,8,6.6,4,2,4200,4.3,1746,27999,0.06,4.89
Realme,X3,White,Qualcomm,Large,128,6,6.6,4,2,4200,4.4,286,24999,0.07,0.71
Realme,Narzo 20,Blue,MediaTek,Large,64,4,6.5,3,1,6000,4.3,124100,10499,0.19,130.29
Realme,Narzo 20,Silver,MediaTek,Large,64,4,6.5,3,1,6000,4.3,124100,10499,0.19,130.29
Realme,Narzo 20,Silver,MediaTek,Large,128,4,6.5,3,1,6000,4.3,124100,11499,0.17,142.7
Realme,Narzo 10A,White,MediaTek,Large,64,4,6.5,3,1,5000,4.5,28927,9999,0.09,28.92
Realme,X3,Blue,Qualcomm,Large,128,6,6.6,4,2,4200,4.4,286,24999,0.07,0.71
Realme,Narzo 20,Blue,MediaTek,Large,128,4,6.5,3,1,6000,4.3,124100,11499,0.17,142.7
Realme,C2,Black,MediaTek,Medium,16,2,6.1,2,1,4000,4.4,226996,6499,0.07,147.52
Realme,Narzo 10A,White,MediaTek,Large,32,3,6.5,3,1,5000,4.5,17875,8999,0.1,16.09
Realme,Narzo 10A,Blue,MediaTek,Large,32,3,6.5,3,1,5000,4.5,17875,8999,0.1,16.09
Realme,Narzo 20A,Silver,Qualcomm,Large,32,3,6.5,3,1,5000,4.3,38710,8499,0.22,32.9
Realme,Narzo 10,Green,MediaTek,Large,128,4,6.5,4,1,5000,4.5,89909,11999,0.07,107.88
Realme,Narzo 10,White,MediaTek,Large,128,4,6.5,4,1,5000,4.5,89909,11999,0.07,107.88
Realme,Narzo 20A,Silver,Qualcomm,Large,64,4,6.5,3,1,5000,4.4,102776,9499,0.2,97.63
Samsung,Galaxy F22,Black,MediaTek,Medium,64,4,6.4,4,1,6000,4.3,3793,12999,0.13,4.93
Samsung,Galaxy F22,Blue,MediaTek,Medium,64,4,6.4,4,1,6000,4.3,3793,12999,0.13,4.93
Samsung,Galaxy F22,Blue,MediaTek,Medium,128,6,6.4,4,1,6000,4.3,1545,14999,0.11,2.32
Samsung,Galaxy F22,Black,MediaTek,Medium,128,6,6.4,4,1,6000,4.3,1545,14999,0.11,2.32
Samsung,Galaxy F12,Blue,Exynos,Large,64,4,6.5,4,1,6000,4.2,15016,11499,0.11,17.27
Samsung,Galaxy F12,Green,Exynos,Large,64,4,6.5,4,1,6000,4.2,15016,11499,0.11,17.27
Samsung,M02s,Blue,Qualcomm,Large,32,3,6.5,3,1,5000,4.2,378,9569,0.07,0.36
Samsung,Galaxy M02,Blue,MediaTek,Large,32,2,6.5,2,1,5000,4.0,213,8278,0.01,0.18
Samsung,Galaxy A22,Black,MediaTek,Medium,128,6,6.4,4,1,5000,4.3,262,18499,0.09,0.48
Samsung,Galaxy F12,Green,Exynos,Large,128,4,6.5,4,1,6000,4.2,15016,12499,0.1,18.77
Samsung,Galaxy F12,Black,Exynos,Large,64,4,6.5,4,1,6000,4.2,15016,11499,0.11,17.27
Samsung,Galaxy F12,Blue,Exynos,Large,128,4,6.5,4,1,6000,4.2,15016,12499,0.1,18.77
Samsung,Galaxy A52s 5G,White,Qualcomm,Large,128,8,6.5,4,1,4500,4.5,16,37499,0.08,0.06
Samsung,Galaxy M32,Black,MediaTek,Medium,64,4,6.4,4,1,6000,4.2,95,14750,0.07,0.14
Samsung,Galaxy F12,Black,Exynos,Large,128,4,6.5,4,1,6000,4.2,15016,12499,0.1,18.77
Samsung,Galaxy Z Flip3 5G,Others,Qualcomm,Large,256,8,6.7,2,1,3300,4.3,8,88999,0.11,0.07
Samsung,Galaxy M02,Black,MediaTek,Large,32,2,6.5,2,1,5000,4.0,213,8238,0.01,0.18
Samsung,Galaxy A22 5G,Gray,MediaTek,Large,128,8,6.6,3,1,5000,4.2,26,21999,0.08,0.06
Samsung,Galaxy A21s,Black,Exynos,Large,128,6,6.5,4,1,5000,4.2,1143,17499,0.07,2.0
Samsung,Galaxy A03s,Black,MediaTek,Large,64,4,6.5,3,1,5000,4.2,23,12499,0.13,0.03
Samsung,Galaxy M31,Black,Others,Medium,128,6,6.4,4,1,6000,4.3,5029,17599,0.01,8.85
Samsung,Galaxy M31,Blue,Others,Medium,128,8,6.4,4,1,6000,4.3,857,18666,0.01,1.6
Samsung,Galaxy A51,Black,Exynos,Large,128,8,6.5,4,1,4000,4.3,930,22499,0.25,2.09
Samsung,Galaxy A72,Black,Qualcomm,Large,128,8,6.7,4,1,5000,4.3,126,34225,0.02,0.43
Samsung,Galaxy A51,Blue,Exynos,Large,128,8,6.5,4,1,4000,4.3,930,22499,0.25,2.09
Samsung,Galaxy A21s,Blue,Exynos,Large,128,6,6.5,4,1,5000,4.2,1143,17499,0.07,2.0
Samsung,Galaxy A12,Blue,MediaTek,Large,64,4,6.5,4,1,5000,4.2,545,12176,0.23,0.66
Samsung,Galaxy Z Flip3 5G,Black,Qualcomm,Large,128,8,6.7,2,1,3300,4.3,8,84999,0.11,0.07
Samsung,Galaxy F62,Gray,Exynos,Large,128,6,6.7,4,1,7000,4.2,9721,23999,0.2,23.33
Samsung,Galaxy A22 5G,Gray,MediaTek,Large,128,6,6.6,3,1,5000,4.3,44,20288,0.09,0.09
Samsung,Galaxy A31,Blue,MediaTek,Medium,128,6,6.4,4,1,5000,4.3,6678,16999,0.29,11.35
Samsung,Galaxy A52,Black,Qualcomm,Large,128,6,6.5,4,1,4500,4.3,216,27499,0.09,0.59
Samsung,Galaxy A21s,Silver,Exynos,Large,128,6,6.5,4,1,5000,4.2,1143,17499,0.07,2.0
Samsung,Galaxy A12,Black,Exynos,Large,128,6,6.5,4,1,5000,3.9,7,16499,0.08,0.01
Samsung,Galaxy F62,Green,Exynos,Large,128,6,6.7,4,1,7000,4.2,9721,23999,0.2,23.33
Samsung,Galaxy A03s,Black,MediaTek,Large,32,3,6.5,3,1,5000,4.0,4,11499,0.14,0.0
Samsung,Galaxy F02s,Black,Qualcomm,Large,64,4,6.5,3,1,5000,4.2,766,10499,0.08,0.8
Samsung,Galaxy F62,Blue,Exynos,Large,128,6,6.7,4,1,7000,4.2,9721,23999,0.2,23.33
Samsung,Galaxy A52s 5G,Black,Qualcomm,Large,128,8,6.5,4,1,4500,4.5,16,37499,0.08,0.06
Samsung,Galaxy F02s,Blue,Qualcomm,Large,64,4,6.5,3,1,5000,4.2,766,10499,0.08,0.8
Samsung,Galaxy M11,Black,Qualcomm,Medium,64,4,6.4,3,1,5000,4.3,8789,10986,0.02,9.66
Samsung,Galaxy F41,Green,Exynos,Medium,64,6,6.4,3,1,6000,4.3,61812,15999,0.2,98.89
Samsung,Galaxy Z Flip3 5G,Others,Qualcomm,Large,128,8,6.7,2,1,3300,4.3,8,84999,0.11,0.07
Samsung,Galaxy A12,White,MediaTek,Large,64,4,6.5,4,1,5000,4.2,545,12390,0.11,0.68
Samsung,Galaxy A12,White,Exynos,Large,128,6,6.5,4,1,5000,3.9,7,16499,0.08,0.01
Samsung,Galaxy A22 5G,Others,MediaTek,Large,128,6,6.6,3,1,5000,4.3,44,20696,0.05,0.09
Samsung,Galaxy A21s,Blue,Exynos,Large,64,4,6.5,4,1,5000,4.2,3160,14999,0.16,4.74
Samsung,Galaxy A31,White,MediaTek,Medium,128,6,6.4,4,1,5000,4.3,6678,22990,0.04,15.35
Samsung,Galaxy A51,Silver,Exynos,Large,128,6,6.5,4,1,4000,4.3,2096,20999,0.19,4.4
Samsung,Galaxy A71,Silver,Qualcomm,Large,128,8,6.7,4,1,4500,4.4,3510,27499,0.21,9.65
Samsung,Galaxy Z Flip3 5G,Black,Qualcomm,Large,256,8,6.7,2,1,3300,4.3,8,88999,0.11,0.07
Samsung,Galaxy Note 20,Green,Exynos,Large,256,8,6.7,3,1,4300,4.3,26,77999,0.09,0.2
Samsung,Galaxy A21s,White,Exynos,Large,64,4,6.5,4,1,5000,4.2,3160,14999,0.16,4.74
Samsung,Galaxy Z Fold3 5G,Black,Qualcomm,Very Large,256,12,7.6,3,1,4400,4.4,7,149999,0.12,0.1
Samsung,Galaxy M01,Blue,Qualcomm,Small,32,3,5.7,2,1,4000,4.2,10242,9299,0.07,9.52
Samsung,Galaxy F02s,Black,Qualcomm,Large,32,3,6.5,3,1,5000,4.2,683,9499,0.09,0.65
Samsung,Galaxy Note 20,Bronze,Exynos,Large,256,8,6.7,3,1,4300,4.3,26,77999,0.09,0.2
Samsung,Galaxy M02,Gray,MediaTek,Large,32,3,6.5,2,1,5000,4.0,322,8850,0.11,0.28
Samsung,Galaxy A21s,Black,Exynos,Large,64,4,6.5,4,1,5000,4.2,3160,14999,0.16,4.74
Samsung,Galaxy Z Fold3 5G,Black,Qualcomm,Very Large,512,12,7.6,3,1,4400,4.4,7,157999,0.12,0.11
Samsung,Galaxy Z Fold3 5G,Green,Qualcomm,Very Large,256,12,7.6,3,1,4400,4.4,7,149999,0.12,0.1
Samsung,Galaxy F02s,White,Qualcomm,Large,32,3,6.5,3,1,5000,4.2,683,9499,0.09,0.65
Samsung,Galaxy A03s,White,MediaTek,Large,64,4,6.5,3,1,5000,4.2,23,12499,0.13,0.03
Samsung,Galaxy A52s 5G,Black,Qualcomm,Large,128,6,6.5,4,1,4500,4.3,6,35999,0.07,0.02
Samsung,Galaxy A21s,Black,Exynos,Large,64,6,6.5,4,1,5000,4.2,1143,15199,0.01,1.74
Samsung,Galaxy A50s,Black,Exynos,Medium,128,4,6.4,3,1,4000,4.3,23878,14999,0.39,35.81
Samsung,Galaxy A52,Black,Qualcomm,Large,128,8,6.5,4,1,4500,4.4,202,28999,0.09,0.59
Samsung,Galaxy A03s,Blue,MediaTek,Large,32,3,6.5,3,1,5000,4.0,4,11499,0.14,0.0
Samsung,Galaxy A03s,Blue,MediaTek,Large,64,4,6.5,3,1,5000,4.2,23,12400,0.03,0.03
Samsung,Galaxy Note 20 Ultra 5G,Bronze,Exynos,Large,256,12,6.9,3,1,4500,4.5,110,91999,0.2,1.01
Samsung,Galaxy A03s,White,MediaTek,Large,32,3,6.5,3,1,5000,4.0,4,11499,0.14,0.0
Samsung,Galaxy Note 20,Blue,Exynos,Large,256,8,6.7,3,1,4300,4.3,26,54599,0.31,0.14
Samsung,Galaxy A52s 5G,White,Qualcomm,Large,128,6,6.5,4,1,4500,4.3,6,35999,0.07,0.02
Samsung,Galaxy S20 FE,White,Exynos,Large,128,8,6.5,3,1,4500,4.0,293,49999,0.24,1.46
Samsung,Galaxy M02,Red,MediaTek,Large,32,3,6.5,2,1,5000,4.0,322,8083,0.01,0.26
Samsung,Galaxy A12,Blue,Exynos,Large,128,6,6.5,4,1,5000,3.9,7,16499,0.08,0.01
Samsung,Galaxy Grand 2,Gold,Qualcomm,Small,8,1,5.2,1,1,2600,4.1,2343,15999,0.04,3.75
Samsung,Galaxy S20 FE,Others,Exynos,Large,128,8,6.5,3,1,4500,4.0,293,49999,0.24,1.46
Samsung,Galaxy Fold 2,Bronze,Qualcomm,Very Large,256,12,7.6,3,3,4500,3.0,10,149999,0.21,0.15
Samsung,Galaxy A50s,Others,Exynos,Medium,128,4,6.4,3,1,4000,4.3,23878,14999,0.39,35.81
Samsung,Galaxy Note 20 Ultra 5G,Black,Exynos,Large,256,12,6.9,3,1,4500,4.5,110,91999,0.2,1.01
Samsung,Galaxy A7,Blue,Others,Medium,64,4,6.0,3,1,3300,4.4,12902,17990,0.29,23.21
Samsung,Galaxy J6,Blue,Exynos,Small,64,4,5.6,1,1,3000,4.5,42278,9490,0.44,40.12
Samsung,Galaxy J7 - 6,Others,Exynos,Small,16,2,5.5,1,1,3300,4.3,38916,15299,0.01,59.54
Samsung,Galaxy A10,Blue,Exynos,Medium,32,2,6.2,1,1,3400,4.3,13112,7990,0.08,10.48
Samsung,Galaxy Grand 2,Black,Qualcomm,Small,8,1,5.2,1,1,2600,4.1,2343,15999,0.04,3.75
Samsung,Galaxy J7 - 6,Others,Exynos,Small,16,2,5.5,1,1,3300,4.3,38916,13800,0.08,53.7
Samsung,Galaxy A20,Black,Exynos,Medium,32,3,6.4,2,1,4000,4.3,15519,11490,0.1,17.83
Samsung,Galaxy A22 5G,Others,MediaTek,Large,128,8,6.6,3,1,5000,4.2,26,21999,0.08,0.06
Samsung,Galaxy F02s,Blue,Qualcomm,Large,32,3,6.5,3,1,5000,4.2,683,9499,0.09,0.65
Samsung,Galaxy F62,Blue,Exynos,Large,128,8,6.7,4,1,7000,4.3,4746,25999,0.18,12.34
Samsung,Galaxy F41,Green,Exynos,Medium,128,6,6.4,3,1,6000,4.3,61812,14499,0.3,89.62
Samsung,Galaxy F41,Black,Exynos,Medium,128,6,6.4,3,1,6000,4.3,61812,14499,0.3,89.62
Samsung,Galaxy F41,Blue,Exynos,Medium,128,6,6.4,3,1,6000,4.3,61812,14499,0.3,89.62
Samsung,M02s,Red,Qualcomm,Large,64,4,6.5,3,1,5000,4.1,545,9999,0.04,0.54
Samsung,Galaxy F41,Black,Exynos,Medium,64,6,6.4,3,1,6000,4.3,61812,15999,0.2,98.89
Samsung,Galaxy F41,Blue,Exynos,Medium,64,6,6.4,3,1,6000,4.3,61812,15999,0.2,98.89
Samsung,Galaxy M32,Black,MediaTek,Medium,128,6,6.4,4,1,6000,4.4,102,16980,0.06,0.17
Samsung,Galaxy A72,Blue,Qualcomm,Large,128,8,6.7,4,1,5000,4.3,126,34999,0.16,0.44
Samsung,Galaxy A52,Blue,Qualcomm,Large,128,8,6.5,4,1,4500,4.4,202,28999,0.09,0.59
Samsung,Galaxy A80,Gold,Qualcomm,Large,128,8,6.7,2,3,3700,4.4,5393,28490,0.14,15.36
Samsung,Galaxy F62,Gray,Exynos,Large,128,8,6.7,4,1,7000,4.3,4746,25999,0.18,12.34
Samsung,Galaxy S21 Plus,Black,Exynos,Large,128,8,6.7,3,1,4800,4.4,290,71999,0.28,2.09
Samsung,Galaxy M42,Gray,Qualcomm,Large,128,8,6.6,3,1,5000,4.3,153,24499,0.05,0.37
Samsung,Galaxy A51,Black,Exynos,Large,128,6,6.5,4,1,4000,4.3,2096,20999,0.19,4.4
Samsung,Galaxy M30s,Blue,Exynos,Medium,64,4,6.4,1,1,6000,4.3,4205,14090,0.09,5.92
Samsung,Galaxy A20s,Blue,Qualcomm,Large,32,3,6.5,3,1,4000,4.3,220,11599,0.1,0.26
Samsung,Galaxy Note10 Lite,Others,Exynos,Large,128,8,6.7,3,1,4500,4.3,1594,39999,0.11,6.38
Samsung,Galaxy M01,Red,Qualcomm,Small,32,3,5.7,2,1,4000,4.2,10242,8999,0.1,9.22
Samsung,Galaxy F62,Green,Exynos,Large,128,8,6.7,4,1,7000,4.3,4746,25999,0.18,12.34
Samsung,Galaxy S20 FE,Red,Exynos,Large,128,8,6.5,3,1,4500,4.0,293,49999,0.24,1.46
Samsung,Galaxy A71,Blue,Qualcomm,Large,128,8,6.7,4,1,4500,4.4,3510,27499,0.21,9.65
Samsung,Galaxy A20s,Green,Qualcomm,Large,32,3,6.5,3,1,4000,4.3,220,11599,0.1,0.26
Samsung,Galaxy S21,Gray,Exynos,Medium,256,8,6.2,3,1,4000,4.3,134,73999,0.15,0.99
Samsung,Galaxy A51,Blue,Exynos,Large,128,6,6.5,4,1,4000,4.3,2096,20999,0.19,4.4
Samsung,Galaxy A20s,Black,Qualcomm,Large,32,3,6.5,3,1,4000,4.3,220,11599,0.1,0.26
Samsung,Galaxy A20s,Green,Qualcomm,Large,64,4,6.5,3,1,4000,4.3,233,13695,0.08,0.32
Samsung,Galaxy S10,Black,Exynos,Medium,128,8,6.1,2,1,3400,4.6,1910,39999,0.43,7.64
Samsung,Galaxy A20s,Blue,Qualcomm,Large,64,4,6.5,3,1,4000,4.3,233,13695,0.08,0.32
Xiaomi,Redmi 9A,Black,MediaTek,Large,32,3,6.5,1,1,5000,4.3,8459,8394,0.06,7.1
Xiaomi,Mi 11X,White,Qualcomm,Large,128,6,6.7,3,1,4520,4.3,194,24398,0.06,0.47
Xiaomi,Redmi 8A Dual,White,Qualcomm,Medium,32,3,6.2,2,1,5000,4.2,8161,8299,0.07,6.77
Xiaomi,Mi A3,Blue,Qualcomm,Medium,64,4,6.1,3,1,4030,4.3,12458,12990,0.13,16.18
Xiaomi,Redmi 9,Blue,MediaTek,Large,128,4,6.5,2,1,5000,4.2,6870,10990,0.08,7.55
Xiaomi,Mi 11 Lite,Black,Qualcomm,Large,128,8,6.5,3,1,4250,4.2,560,23999,0.07,1.34
Xiaomi,Mi 11 Lite,Blue,Qualcomm,Large,128,8,6.5,3,1,4250,4.2,560,23999,0.07,1.34
Xiaomi,Redmi Note 7 Pro,White,Qualcomm,Medium,128,6,6.3,2,1,4000,4.4,53013,15485,0.03,82.09
Xiaomi,Mi 11X,Silver,Qualcomm,Large,128,6,6.7,3,1,4520,4.3,194,24780,0.04,0.48
Xiaomi,Mi 10i,Black,Qualcomm,Large,128,6,6.7,4,1,4820,4.3,1216,23949,0.01,2.91
Xiaomi,Redmi Note 6 Pro,Red,Qualcomm,Medium,64,6,6.3,2,2,4000,4.5,25400,12749,0.05,32.38
Xiaomi,Redmi Note 9 Pro,White,Qualcomm,Large,64,4,6.7,4,1,5020,4.4,6106,16487,0.03,10.07
Xiaomi,Redmi Note 6 Pro,Gold,Qualcomm,Medium,64,4,6.3,2,2,4000,4.5,125016,12459,0.22,155.76
Xiaomi,Redmi Note 5 Pro,Gold,Qualcomm,Medium,64,6,6.0,2,1,4000,4.5,129661,13500,0.2,175.04
Xiaomi,Redmi Note 7,Black,Qualcomm,Medium,64,4,6.3,2,1,4000,4.5,89172,11799,0.07,105.21
Xiaomi,Redmi Y3,Red,Qualcomm,Medium,64,4,6.3,2,1,4000,4.4,1106,12999,0.07,1.44
Xiaomi,Redmi K20,White,Qualcomm,Medium,128,6,6.4,3,1,4000,4.5,25385,20920,0.04,53.11
Xiaomi,Mi 11 Lite,Others,Qualcomm,Large,128,8,6.5,3,1,4250,4.2,560,23999,0.07,1.34
Xiaomi,Mi 11 Lite,Black,Qualcomm,Large,128,6,6.5,3,1,4250,4.2,1554,21999,0.12,3.42
Xiaomi,Mi 11 Lite,Blue,Qualcomm,Large,128,6,6.5,3,1,4250,4.2,1554,21999,0.12,3.42
Xiaomi,Redmi Note 7 Pro,Blue,Qualcomm,Medium,64,6,6.3,2,1,4000,4.4,53013,14999,0.06,79.51
Xiaomi,Redmi K20,White,Qualcomm,Medium,64,6,6.4,3,1,4000,4.5,25385,20899,0.05,53.05
Xiaomi,Mi A3,White,Qualcomm,Medium,64,4,6.1,3,1,4030,4.3,12458,12990,0.13,16.18
Xiaomi,Redmi 9,Others,MediaTek,Large,64,4,6.5,2,1,5000,4.2,6870,9840,0.08,6.76
Xiaomi,Redmi 9,Black,MediaTek,Large,64,4,6.5,2,1,5000,4.2,6870,10099,0.03,6.94
Xiaomi,Mi A3,Gray,Qualcomm,Medium,64,4,6.1,3,1,4030,4.3,12458,12990,0.13,16.18
Xiaomi,Redmi Note 4,Gold,Qualcomm,Small,32,3,5.5,1,1,4100,4.4,642373,8565,0.04,550.19
Xiaomi,Redmi Note 5,Black,Qualcomm,Medium,64,4,6.0,1,1,4000,4.4,357064,10999,0.04,392.73
Xiaomi,Redmi Y3,Black,Qualcomm,Medium,64,4,6.3,2,1,4000,4.4,1106,12499,0.1,1.38
Xiaomi,Redmi Note 7 Pro,Blue,Qualcomm,Medium,128,6,6.3,2,1,4000,4.4,53013,15649,0.01,82.96
Xiaomi,Mi 10T,Black,Qualcomm,Large,128,8,6.7,3,1,5000,4.1,1137,34999,0.18,3.98
Xiaomi,Mi 10T Pro,Black,Qualcomm,Large,128,8,6.7,3,1,5000,4.2,3571,36999,0.22,13.21
Xiaomi,Redmi Note 6 Pro,Black,Qualcomm,Medium,64,4,6.3,2,2,4000,4.5,125016,11490,0.04,143.64
Xiaomi,Redmi Note 7 Pro,Blue,Qualcomm,Medium,64,4,6.3,2,1,4000,4.5,141177,14450,0.03,204.0
Xiaomi,Redmi Note 9 Pro,Gold,Qualcomm,Large,128,6,6.7,4,1,5020,4.3,434,18778,0.01,0.81
Xiaomi,Redmi Note 5 Pro,Black,Qualcomm,Medium,64,6,6.0,2,1,4000,4.5,129661,13400,0.13,173.75
Xiaomi,Redmi Y2,Gold,Qualcomm,Medium,32,3,6.0,2,1,3080,4.5,120515,9499,0.09,114.48
Xiaomi,Mi 10T,Black,Qualcomm,Large,128,6,6.7,3,1,5000,4.2,1294,32999,0.17,4.27
Xiaomi,Redmi Note 6 Pro,Blue,Qualcomm,Medium,64,4,6.3,2,2,4000,4.5,125016,13990,0.12,174.9
Xiaomi,Mi 10,Green,Qualcomm,Large,256,8,6.7,4,1,4780,4.1,283,54999,0.08,1.56
Xiaomi,Redmi Note 7,Red,Qualcomm,Medium,64,4,6.3,2,1,4000,4.5,89172,13399,0.06,119.48
Xiaomi,Redmi 6 Pro,Gold,Qualcomm,Small,32,3,5.8,2,1,4000,4.3,1870,10449,0.05,1.95
Xiaomi,Redmi Note 6 Pro,Blue,Qualcomm,Medium,64,6,6.3,2,2,4000,4.5,25400,13999,0.09,35.56
Xiaomi,Redmi Note 7 Pro,Black,Qualcomm,Medium,64,4,6.3,2,1,4000,4.5,141177,12900,0.04,182.12
Xiaomi,Redmi Note 7 Pro,Black,Qualcomm,Medium,64,6,6.3,2,1,4000,4.4,53013,15999,0.05,84.82
Xiaomi,Mi 10T,Silver,Qualcomm,Large,128,6,6.7,3,1,5000,4.2,1294,32999,0.17,4.27
Xiaomi,Redmi 6 Pro,Blue,Qualcomm,Small,64,4,5.8,2,1,4000,4.3,1783,12499,0.03,2.23
Xiaomi,Redmi 6 Pro,Gold,Qualcomm,Small,64,4,5.8,2,1,4000,4.3,1783,12349,0.05,2.2
Xiaomi,Mi 11X Pro 5G,Black,Qualcomm,Large,128,8,6.7,3,1,4520,3.8,35,36499,0.01,0.13
Xiaomi,Mi A1,Black,Qualcomm,Small,64,4,5.5,2,1,3080,4.4,470905,10490,0.25,493.98
Xiaomi,Redmi 6A,Gold,MediaTek,Small,32,2,5.5,1,1,3000,4.3,55708,5742,0.28,31.99
Xiaomi,Mi 10i,Black,Qualcomm,Large,128,8,6.7,4,1,4820,4.3,663,24215,0.06,1.61
Xiaomi,Redmi Note 9 Pro,Blue,Qualcomm,Large,128,4,6.7,2,1,5020,4.4,6106,14199,0.03,8.67
Xiaomi,Redmi Note 9 Pro,Blue,Qualcomm,Large,128,6,6.7,4,1,5020,4.3,434,14999,0.06,0.65
Xiaomi,Redmi Y3,Red,Qualcomm,Medium,32,3,6.3,2,1,4000,4.4,6844,8252,0.31,5.65
Xiaomi,Redmi 5,Blue,Qualcomm,Small,16,2,5.7,1,1,3300,4.3,4267,6890,0.18,2.94
Xiaomi,Redmi 6 Pro,Black,Qualcomm,Small,32,3,5.8,2,1,4000,4.3,1870,7999,0.3,1.5
Xiaomi,Redmi 6 Pro,Red,Qualcomm,Small,64,4,5.8,2,1,4000,4.3,1783,9699,0.28,1.73
Xiaomi,Mi 11 Lite,Others,Qualcomm,Large,128,6,6.5,3,1,4250,4.2,1554,21999,0.12,3.42
Xiaomi,Redmi 8A Dual,Blue,Qualcomm,Medium,32,3,6.2,2,1,5000,4.2,8161,8299,0.07,6.77
Xiaomi,Redmi 6 Pro,Blue,Qualcomm,Small,32,3,5.8,2,1,4000,4.3,1870,8190,0.36,1.53
Samsung,Galaxy S20 FE,Red,Exynos,Very Large,16,12,5.2,2,1,4780,3.6712840846372288,17439,23763,0.47397400025907865,137.9949542279055
Realme,Narzo 30A,Blue,MediaTek,Medium,16,2,5.4,3,1,3400,3.1635351173430926,16223,79430,0.24213786995378067,93.91443542354911
Realme,6i,Others,MediaTek,Medium,16,3,6.2,3,1,4300,3.2349585994103642,79964,60804,0.2098442203107746,101.94978373281177
Apple,M2 Reloaded,Yellow,Others,Very Large,8,2,5.4,1,2,4100,1.5570112198863515,72634,17846,0.04548183638450737,77.31841916370212
Xiaomi,8 Pro,Gray,MediaTek,Small,256,2,6.6,1,1,4100,4.891418255284944,76788,77300,0.44137594593433865,110.42119126783547
Realme,Mi A1,Bronze,iOS,Small,16,1,5.5,3,2,5020,4.259183442279186,41868,90843,0.028426002776403503,191.9222539865383
Samsung,M3,Red,Ceramic,Very Small,8,12,5.2,3,3,2942,4.167727346727627,32347,99620,0.3079680051340345,120.36216989078396
Poco,Galaxy Note 20,Bronze,iOS,Large,16,2,4.7,4,1,5160,1.0545583938060585,15754,93584,0.41725512803609516,111.69817675335551
Apple,Galaxy F22,Gray,Exynos,Very Large,8,8,6.7,2,3,4100,4.939297014167346,91700,35799,0.4333092958239628,165.98634134861211
Apple,Mi 11X Pro 5G,Blue,Ceramic,Large,16,12,5.8,3,1,4310,3.931316071333957,83166,91863,0.3728351208124184,128.3178511154924
Realme,M2,Gray,Water,Large,512,1,5.5,1,2,5065,1.565397891425723,19301,10291,0.3004638423201889,195.36304643799548
Xiaomi,Redmi Y2,Black,iOS,Medium,16,8,6.7,2,1,3400,1.871554046198768,31994,86680,0.46481016839049705,110.95277454049986
Realme,iPhone SE,Gold,Ceramic,Very Large,32,1,6.1,1,1,5160,1.222138323827728,39522,40875,0.18355145931295014,17.120247749053206
Realme,Galaxy A72,Yellow,Others,Medium,128,2,6.4,1,2,7000,4.532026225582271,53531,18360,0.3607274622491769,6.653776251402621
Samsung,Galaxy A51,Blue,iOS,Very Small,512,8,5.6,2,1,4250,4.344353658436224,47595,60688,0.3981894660513723,28.0106553907977
Samsung,Redmi Note 7,Green,Qualcomm,Small,8,12,6.6,2,2,4400,2.234331792489131,42623,88988,0.35545689575228734,189.82678214869634
Samsung,Redmi 6A,Bronze,Water,Small,16,12,6.3,1,1,3400,1.9563837003241287,14444,87989,0.3390613762403181,24.34799069887619
Realme,GT Master Edition,Blue,MediaTek,Large,64,1,6.2,1,2,4820,3.9855926266835104,21032,65659,0.2028958658139315,124.28717285273896
Realme,Galaxy M31,Black,Exynos,Large,32,8,6.0,2,1,4200,2.3329675758445014,99763,54249,0.11153674556846382,89.8403898141934
Realme,Galaxy A22 5G,Silver,Ceramic,Small,8,3,5.5,2,2,4000,1.1958540575303211,93691,7312,0.3512470067388056,150.1731287692069
Apple,Narzo 20,Yellow,MediaTek,Small,32,3,5.6,3,2,4100,4.139419698607936,68438,48762,0.32670933236148036,83.13518594097529
Samsung,Mi A3,Yellow,iOS,Medium,8,4,5.5,2,2,4300,3.743987721093563,52965,26682,0.33233301741602644,6.555592000135335
Poco,Galaxy A31,White,Qualcomm,Large,8,6,6.7,1,3,5020,3.0729358705529237,54007,95341,0.2687661773604765,7.958445101998057
Realme,C11,Bronze,Water,Small,128,4,5.5,1,3,4780,2.458093169143336,59895,56091,0.44659740413913973,7.3627785667931045
Xiaomi,Galaxy S20 FE,Silver,iOS,Small,8,6,6.1,2,3,4250,3.5527204683965494,72404,37187,0.4337248246643356,163.7119482745092
Poco,Mi A1,Blue,MediaTek,Large,64,8,6.5,3,3,4030,1.208635881174955,96906,55971,0.457081253472837,41.7378567074256
Realme,C20,Red,MediaTek,Medium,32,8,7.6,4,2,6000,1.2463154100662983,91325,37875,0.16781816069105893,64.12684422491762
Poco,C21,Gold,Others,Very Small,8,12,5.7,3,1,4200,2.990822382136658,57314,73074,0.18450671912874006,118.20252593756311
Poco,C12,Others,Water,Small,512,8,5.4,2,2,7000,4.698030532201598,55423,53979,0.3779630620849751,30.829816992388604
Poco,Galaxy A20,Others,Qualcomm,Small,64,3,6.4,1,1,4000,1.4655857913913324,72171,54758,0.06057289832460333,184.90178507557337
Xiaomi,Narzo 20A,White,iOS,Large,512,8,6.1,2,2,2815,2.636197964620872,80600,74622,0.33391162622577425,161.45840079297878
Realme,Mi A3,Purple,Water,Large,8,2,6.2,2,3,2600,3.154637488203418,22715,31419,0.22646951959021538,109.61312676233317
Xiaomi,C11,Red,Water,Small,32,1,6.2,2,3,4250,1.411769754600753,43223,84589,0.23713530381102976,179.60824843036212
Poco,Galaxy F62,Green,Others,Very Small,512,6,6.0,1,1,4500,3.428992453451939,59306,86856,0.4756982516044185,57.37160161744177
Poco,7,Black,Others,Large,16,1,4.7,3,3,3700,2.958319842373851,79151,40425,0.44853057679571817,96.93604875416287
Xiaomi,M02s,Gray,iOS,Small,16,12,6.4,4,3,5065,1.6973934538594433,91752,66711,0.27502340962691807,185.98051379797568
Poco,Galaxy Grand 2,Blue,Exynos,Medium,16,8,4.7,2,2,4230,4.5278434172142425,94885,10996,0.3913927543880466,136.99518037001218
Xiaomi,Redmi Note 7 Pro,Gold,iOS,Medium,256,6,5.5,3,3,4035,3.9492046652093067,81726,23349,0.17129696286703205,180.24567413199554
Xiaomi,Galaxy A71,Gold,Others,Small,8,8,5.8,3,3,4820,4.539817965614263,19796,88957,0.26454322652469264,150.0532893615158
Samsung,Redmi 6 Pro,Yellow,Others,Small,64,12,5.7,1,1,4820,4.070071093295866,50059,88246,0.04103226685423167,155.72630498375915
Poco,Narzo 30 Pro 5G,Silver,Others,Medium,128,6,4.7,4,2,4310,4.746298463985664,66668,25890,0.4133900240018807,122.95251354101345
Samsung,Mi 10i,Yellow,Exynos,Very Small,32,12,6.9,3,3,4230,4.387473578805656,82155,39736,0.4293069306435711,4.794800854979231
Samsung,Galaxy A71,Yellow,MediaTek,Medium,64,1,5.7,1,1,4310,2.850267550174414,80817,59321,0.04432728918301282,197.47449695784448
Realme,Narzo 30 Pro 5G,Silver,iOS,Medium,64,12,5.5,4,3,5065,2.001163304317794,18574,5178,0.47438580026280514,79.47952509450818
Poco,Narzo 30 5G,White,Qualcomm,Small,256,1,6.7,1,2,4820,2.354237085678014,36994,18798,0.4742260363779304,182.4340258642243
Apple,Galaxy Fold 2,Yellow,Qualcomm,Medium,512,8,6.2,3,2,2942,3.3178963490268165,56433,39864,0.000167177460886625,177.9954059343101
Apple,F3 GT,Gold,iOS,Medium,32,8,5.7,2,2,2942,3.111648027628269,28740,87691,0.4164724655012771,134.24574386045717
Samsung,Galaxy F41,Blue,Exynos,Very Large,64,2,6.2,4,3,5065,2.634403923085183,81888,80204,0.08920276231086882,62.94183948660077
Xiaomi,Mi 10i,Purple,iOS,Very Small,512,4,5.8,2,3,1800,4.862597364316523,62221,71592,0.059867951129667196,141.8824268413932
Xiaomi,Redmi K20,Purple,Exynos,Very Large,32,3,6.3,2,1,3080,4.0087455682706,65682,88233,0.2949699941622088,54.06437966667505
Xiaomi,Galaxy A20s,Black,Exynos,Very Large,16,1,5.2,2,3,6000,4.71201460485492,66539,89366,0.10397427717295471,143.66292823967999
Xiaomi,F3 GT,Silver,Exynos,Small,32,1,6.7,1,2,3300,4.773448271344336,6619,84404,0.44944698717330117,80.30695645357866
Apple,Galaxy M32,Gold,iOS,Large,512,6,6.6,4,3,2600,1.4492802153610316,81895,41569,0.49021206501439496,120.7060026409992
Samsung,M02s,Blue,MediaTek,Large,256,3,5.2,2,1,3000,2.313075743608153,94703,7769,0.1861961757632966,42.37567156529263
Xiaomi,GT Master Edition,Blue,Qualcomm,Very Large,32,8,5.4,4,3,4035,1.7725712039284005,33572,63509,0.3613607180869927,172.55354163095336
Apple,C25,White,Ceramic,Large,32,2,5.8,2,3,4820,2.502847031390538,46399,9975,0.1755748398822558,139.64352333940397
Poco,8 5G,Bronze,iOS,Very Large,32,6,5.8,3,2,4200,2.6175760965436976,63276,51208,0.021579901002269974,96.74199818283245
Realme,X3 Pro,Bronze,MediaTek,Medium,64,1,5.5,3,3,5020,3.1041432603160115,32586,66470,0.41556844939996135,36.476794526274304
Poco,Galaxy M01,Green,Exynos,Large,8,12,6.2,2,3,4250,4.578846532254054,89854,79737,0.24368935568471023,53.32592757062269
Xiaomi,Redmi Note 6 Pro,White,MediaTek,Very Small,64,3,5.8,1,3,4820,4.949197585540187,61437,29339,0.3267553134925092,190.95092866889877
Xiaomi,Narzo 10,Gold,iOS,Very Small,512,12,5.4,2,3,4250,3.828704815348986,21517,28145,0.2249251751407182,105.90727410935314
Realme,Galaxy A50s,Bronze,Water,Medium,256,4,7.6,3,2,4520,4.380338013357001,38104,69784,0.2368588504837768,138.15586338796925
Xiaomi,Mi 10T Pro,Red,iOS,Very Small,8,6,6.0,1,1,4780,4.569879160942331,19032,45036,0.008383428224932044,64.86544370536991
Xiaomi,iPhone 12,Purple,Ceramic,Small,128,1,5.4,2,1,5065,1.8059965074761704,7691,30787,0.21414952426545708,48.35964543939502
Apple,iPhone 7 Plus,Gray,Water,Very Large,128,4,5.4,3,2,4000,2.78770103224815,86767,57390,0.3188414880616317,167.4809404876352
Poco,Galaxy A10,Others,Others,Very Large,128,6,6.9,3,2,4300,4.217561534698017,27529,64466,0.08034084283091864,2.2850327363784118
Realme,C2,Black,MediaTek,Very Small,512,4,6.9,3,2,4230,2.2764695652451192,57729,60520,0.23807036399589943,71.81178584572578
Realme,Redmi Note 9 Pro,Purple,Others,Small,128,1,6.5,1,2,4100,2.116691190936219,77157,49046,0.047645902029256504,37.89800375337271
Poco,Mi 10i,Red,MediaTek,Very Large,16,4,6.1,4,3,5065,3.0234874497766984,91396,50963,0.16180228742399638,30.10963543520011
Realme,X3,Red,iOS,Large,256,8,5.2,2,1,4400,3.653424776557633,26230,74735,0.4166258982974199,47.02782886810903
Realme,8 Pro,Gold,Ceramic,Very Small,8,12,6.3,1,2,3000,1.7628850510419274,9370,61330,0.16092215457688286,110.34088936183228
Xiaomi,Galaxy F41,Gray,Others,Very Large,256,12,5.7,4,1,5160,1.4226864668317982,43838,37916,0.3991262448390763,147.50144452060027
Samsung,5 Pro,Red,iOS,Very Large,16,4,6.9,4,3,4200,3.619108660807795,8836,80234,0.4105318724622823,171.87298422716708
Samsung,Galaxy Grand 2,Black,Qualcomm,Large,16,4,6.6,3,2,3080,4.287801766153441,63620,54083,0.33852136532632254,185.71509479597992
Realme,C15,Green,Ceramic,Very Small,128,2,6.9,1,2,5160,1.8409284051910384,47011,49792,0.32576595506967804,133.62319286490293
Realme,Galaxy A20s,White,MediaTek,Very Large,128,4,6.6,1,2,4035,2.44106798632978,44334,25351,0.10842238366890566,157.61411120621761
Xiaomi,3i,Yellow,Ceramic,Small,128,6,6.6,4,2,4500,1.040151513876363,8255,9842,0.30885880581530606,134.230842832025
Apple,Galaxy A52s 5G,Red,Exynos,Very Large,32,6,5.4,2,2,5000,2.672690955617551,22697,63578,0.26747262197563915,24.1616789911268
Realme,Galaxy Fold 2,Green,Water,Very Small,256,3,4.7,2,1,4035,4.471517364049362,37688,24708,0.25633267962752143,43.91070967364392
Samsung,M3 Pro 5G,Yellow,Others,Very Small,256,4,5.4,4,1,4500,4.282454173657873,33920,84923,0.20581569158989887,195.31261598780478
Poco,iPhone 12 Mini,White,Water,Small,16,6,6.3,2,3,3300,1.0769751967298955,70821,28518,0.3460307198737258,172.13204792772038
Poco,Galaxy Note10 Lite,Others,Qualcomm,Small,8,12,5.4,3,2,4100,3.7376901995668166,81740,36788,0.032352305204742804,68.89098358202268
Xiaomi,Redmi K20,Red,Ceramic,Large,64,8,5.2,1,3,3400,4.579107429057759,64730,36344,0.32540036832230634,128.349691396927
Xiaomi,7,Bronze,Others,Very Large,8,6,6.0,4,2,4800,2.0579737067937196,67384,62309,0.17302259930896613,84.70937748282739
Samsung,8 Pro,Red,Water,Very Large,64,12,5.7,4,3,4820,2.8388395497260697,22468,80184,0.497602024967588,93.80984622854862
Realme,8 Pro,Blue,iOS,Medium,16,8,5.5,4,1,4230,4.276228279966643,67192,5024,0.26186344722241445,91.66054498858531
Xiaomi,Galaxy F62,Gold,Water,Medium,8,6,6.2,4,2,6000,1.6701140629037319,91018,66206,0.4746395934143252,38.12313988025402
Xiaomi,Galaxy A71,White,Qualcomm,Small,512,3,6.0,2,1,6000,4.871071752933366,44141,32785,0.0534810142442701,50.53628855296528
Xiaomi,Galaxy Note 20 Ultra 5G,Purple,Exynos,Very Small,16,3,5.4,1,3,3300,4.887781617364681,97775,20005,0.4475140299179281,6.913646321322542
Apple,Mi 11X,Green,Others,Small,512,1,6.0,4,2,3300,2.4663417335058226,56183,53095,0.3831906633209066,148.46568305730122
Xiaomi,Galaxy Grand 2,Bronze,Water,Small,256,12,5.6,1,1,2600,4.097939703255052,5420,56954,0.3342386880626805,4.834315450184401
Xiaomi,Galaxy M42,Blue,Ceramic,Very Large,256,8,6.6,4,1,4200,3.9757698355867253,84632,28271,0.36461770327262744,3.8679054673955937
Realme,Galaxy Note10 Lite,Green,MediaTek,Very Large,256,12,5.8,4,1,5000,3.3110816085056776,35804,34648,0.19797453572585622,11.221329470964525
Samsung,Narzo 10A,White,Exynos,Small,16,1,6.6,1,3,3300,4.540334040813072,24422,45086,0.13597108120871515,101.29917049913237
Apple,Galaxy A50s,Gold,Ceramic,Medium,64,1,6.9,1,3,7000,2.144487635744578,1800,31833,0.44515144378236954,62.37137654818261
Realme,Galaxy S21,Gold,MediaTek,Very Large,16,4,5.7,2,1,2942,1.0848891817930428,63885,94097,0.1279977839822481,145.4260376030052
Xiaomi,X7 5G,Blue,Exynos,Very Large,32,4,6.5,3,1,5020,4.216286897835802,30274,60957,0.11574816577121344,161.79114769861286
Xiaomi,X3,Silver,iOS,Very Small,128,4,5.4,3,2,4035,1.9735935670733964,84692,12970,0.4237727455451808,143.32763723072281
Poco,Galaxy Z Fold3 5G,Red,MediaTek,Very Large,512,6,7.6,1,2,3300,1.1618309565117713,29715,75023,0.17641090139324073,105.0275161049506
Poco,Mi A1,Red,iOS,Very Small,32,8,6.6,1,1,3000,1.752430925157142,53313,55130,0.004071989684077126,127.6106074559937
Apple,C11,Green,MediaTek,Very Large,32,3,5.7,2,3,4030,4.632519904203921,56946,10786,0.42453600655511253,190.49420032612215
Poco,Mi A3,Purple,Water,Small,128,8,6.6,3,3,4230,1.1500610974034386,86677,64699,0.41419083890790925,6.724825642191257
Poco,Mi 11X Pro 5G,Gold,Water,Small,128,6,5.4,3,3,4520,2.750901690212961,50025,45756,0.13064031762389938,188.01007017315834
Xiaomi,GT 5G,Gray,MediaTek,Large,64,1,6.4,4,1,4200,4.828408426377575,29174,99386,0.12597211693257637,34.95401073636402
Xiaomi,Galaxy S21,Gray,Exynos,Very Large,256,12,6.2,3,3,4300,3.4325862548142765,91502,33029,0.006546659799594845,5.073113039149413
Poco,Mi 11X Pro 5G,Black,iOS,Medium,8,12,6.1,4,1,4230,4.71402161700618,13179,47118,0.10650575995942319,159.75219078844896
Xiaomi,Narzo 20 Pro,Silver,Ceramic,Very Small,256,12,6.2,2,3,7000,4.0375809840773265,93668,67218,0.20842032229618312,121.40588972699578
Realme,X7 Max,Others,Exynos,Very Small,64,8,6.1,3,1,4780,4.001951179584015,30547,48045,0.247423649612021,146.83529190961204
Samsung,iPhone XR,Blue,Exynos,Medium,128,1,4.7,4,1,3700,4.028108290733917,41408,53147,0.45152053503351447,185.31157663682208
Apple,6i,Bronze,Water,Very Large,256,2,6.5,4,3,3700,2.189714855191095,36366,25148,0.030403170671085722,133.40485350745766
Xiaomi,X2,Gold,MediaTek,Very Small,64,4,6.0,1,2,5160,3.0258785763344362,43424,68884,0.2795964973632593,2.1778547823430694
Xiaomi,Galaxy Grand 2,White,Qualcomm,Small,128,2,6.1,1,3,4800,1.0181135759317517,49967,65898,0.2560908285968485,114.30154365658215
Apple,C25,Silver,Others,Small,256,12,5.4,1,1,4780,4.574881699286645,47640,32169,0.36495706302312403,90.3780359397253
Poco,Galaxy M42,Silver,MediaTek,Large,64,1,6.4,3,1,2815,3.416438358963487,15217,95403,0.4539117397059771,15.321421586492301
Realme,8,Gold,Ceramic,Very Small,256,6,6.7,2,1,5065,4.805013237595128,61980,45491,0.45869060183249294,13.897062568913988
Xiaomi,Narzo 20A,Silver,Water,Large,512,12,5.2,1,1,3400,1.408436980953622,87323,18095,0.12078730278454503,47.94055092424519
Samsung,Galaxy Grand 2,Black,Qualcomm,Small,256,8,5.5,1,1,3700,2.9147190961027536,86732,65127,0.07150173523587317,117.90296788763757
Xiaomi,8s 5G,Gold,Qualcomm,Medium,16,3,5.7,1,2,7000,4.251566324324847,69761,94079,0.12769805855529665,67.51188777759343
Poco,Galaxy A20,White,MediaTek,Large,8,3,5.7,3,2,3080,1.074792081799571,68837,12117,0.20662954983131104,193.76063628628543
Realme,Mi 11X Pro 5G,Others,Others,Small,8,8,6.1,4,3,2815,3.4874129583321825,70621,34804,0.4387029371856185,66.60207101252205
Realme,Galaxy A21s,Gold,Water,Large,16,2,5.2,1,1,5020,1.4612656867953673,62693,83925,0.2500344206120601,43.39624397338922
Samsung,Galaxy S20 FE,Red,MediaTek,Small,256,6,4.7,1,3,3080,2.696524077613278,20797,9874,0.009901166032107056,97.51985754504975
Samsung,Galaxy S10,Yellow,Water,Medium,256,2,6.1,2,2,2600,4.047427515843571,28309,32031,0.143714257355609,126.09596006944656
Samsung,Redmi Note 7,Blue,Exynos,Small,64,12,6.6,1,1,4035,2.021438649313963,14760,67758,0.1831715571191655,161.53797886273478
Xiaomi,Mi 11X,Gray,Water,Small,8,4,6.2,3,3,3300,1.4603938414071869,17317,43276,0.48737438779051273,151.60966349655277
Samsung,M2 Pro,Others,MediaTek,Small,128,6,7.6,3,1,5160,3.716483675686401,6723,30211,0.0002630054698232187,162.2622190714861
Realme,C12,Blue,MediaTek,Very Large,16,4,5.2,2,3,4800,3.8305780642854232,33775,76099,0.3354486108701045,146.46478900165084
Xiaomi,C2,Purple,Exynos,Very Large,32,12,4.7,2,2,1800,3.210482182745865,829,76794,0.47171205365447205,26.75121181287514
Xiaomi,X7 5G,Others,iOS,Small,8,12,6.2,1,3,4030,2.3510548803155187,37564,85006,0.19585385003319467,3.632434144481378
Poco,Galaxy A22,Red,Exynos,Small,32,2,6.0,4,2,7000,1.1533347789764,96340,36192,0.08063816324912948,126.60508882915593
Apple,Galaxy J7 - 6,Others,Exynos,Large,512,2,6.6,2,3,3400,3.634680804133462,57718,49158,0.22348353389504771,109.41767650298566
Samsung,M2 Reloaded,Purple,Qualcomm,Very Large,64,4,6.5,4,3,4230,3.913832716552604,4607,25649,0.26727310857907033,11.779869814729892
Samsung,Redmi Note 9 Pro,Bronze,MediaTek,Medium,16,2,4.7,1,2,4035,4.95970393598645,51084,63713,0.4959308772207207,109.8914901339366
Apple,Galaxy S21,Gray,Exynos,Very Small,32,12,5.7,3,3,4520,1.5698325238682758,38141,22899,0.4254351995438291,53.2164969251894
Xiaomi,Galaxy F41,Silver,Qualcomm,Small,8,4,6.0,1,3,1800,4.978926913528038,64749,70745,0.010804318445971683,168.3143446166901
Samsung,X3,Gold,Exynos,Large,64,1,6.6,1,1,3300,1.6444937353192781,95763,55057,0.44965127870813687,12.202548610841003
Poco,8s 5G,White,Water,Large,8,2,6.0,3,1,4300,2.921169994092509,74462,37484,0.2773245241826013,193.00953389767233
Apple,Narzo 10,White,iOS,Large,64,6,6.6,3,1,4500,4.951135437305684,65628,34836,0.2573306362461541,117.54949597449378
Samsung,X3 Pro,Green,MediaTek,Medium,16,8,6.5,4,1,4820,1.5264514241231848,98396,11512,0.42936248744931305,154.02469712594052
Apple,Galaxy F02s,Yellow,Water,Small,256,1,6.6,2,3,3080,2.4019873910956546,11537,39385,0.05454547840997387,159.73428618913556
Apple,F3 GT,Blue,Others,Large,16,8,6.7,3,1,4800,2.7000431657712856,16735,19417,0.08116943596902154,18.969730942476914
Realme,Mi 11X Pro 5G,Others,Ceramic,Medium,256,12,7.6,4,2,4000,1.9481179737257324,34545,70702,0.49046930971222297,175.75826520482158
Apple,Redmi 9A,Black,Water,Small,16,2,5.2,1,3,3000,2.3599254862465653,45804,61869,0.15830086677555544,20.010083327023032
Realme,8 Pro,Blue,Others,Large,512,8,6.9,4,3,5065,4.721517073440733,58550,79596,0.39318568554277933,28.14662630541138
Apple,C2,Silver,Ceramic,Very Large,512,2,6.5,2,3,3400,4.011664905622618,10222,60031,0.27578651435049956,51.96574341911941
Samsung,Redmi 9,Blue,iOS,Very Large,64,6,4.7,4,1,4520,2.081174265681086,56591,51585,0.423842701071125,127.96952667758946
Xiaomi,Redmi 9A,Black,Qualcomm,Very Small,128,2,5.8,1,1,3080,1.6633379177369005,88963,84074,0.3116038891272671,83.7594375255581
Realme,Narzo 10,Green,Ceramic,Medium,64,8,5.6,4,3,3700,2.8472396206311124,97057,20166,0.010928231752143691,142.66208698481063
Xiaomi,Galaxy A52,Bronze,iOS,Very Small,64,1,7.6,1,3,2600,4.735595613310529,25210,16925,0.31163237485423173,195.49853309766252
Poco,6,Yellow,Others,Small,8,8,6.7,4,3,2942,2.445627794913863,17245,98993,0.4753056538184027,177.49167680458194
Apple,6,Silver,Exynos,Very Small,16,12,6.4,4,3,5020,4.374360274259333,38848,94577,0.4451239507944923,85.42267318227977
Realme,C25,White,MediaTek,Very Large,256,2,6.6,2,3,6000,3.4255130054721823,31521,99752,0.3819302763693535,118.45916400041958
Apple,Narzo 30 Pro 5G,Yellow,iOS,Very Large,256,4,4.7,4,3,2600,1.1091458884139733,86115,13835,0.41435856332522686,115.90281988915866
Apple,F1,Gold,Water,Small,16,3,5.2,1,1,4000,3.6731994459128643,46411,98204,0.14071358636973685,4.418427783768908
Samsung,X7 5G,Red,Others,Small,16,1,6.1,4,2,5065,3.5935806540729227,55023,98190,0.18650846642696278,185.44614582478928
Samsung,M2 Pro,Gray,iOS,Medium,32,12,5.4,3,3,5160,3.7543229424823084,88681,61866,0.2922009832720813,137.32953561515663
Xiaomi,C2,Silver,Qualcomm,Very Large,8,1,6.9,3,3,4030,4.622438843135775,43056,82489,0.26630799982972453,168.89539833316732
Samsung,Mi A1,Silver,Ceramic,Small,16,12,5.8,4,1,3000,3.925487157476369,65541,72917,0.001127748943847262,143.79173486758287
Samsung,7 Pro,Silver,Exynos,Very Small,64,4,6.1,1,1,3080,4.884112657340757,60321,6210,0.4284509634465032,70.91215115133653
Apple,C21,Green,Exynos,Very Small,32,1,5.8,3,3,4250,4.506211295019906,15539,30007,0.07177733802281616,65.47617510643518
Samsung,Narzo 20,Bronze,iOS,Medium,512,1,5.7,3,1,2942,1.4794266446023623,69561,12399,0.3207751120774169,19.497704917263437
Samsung,Galaxy Note 20,Yellow,Others,Small,32,6,5.8,1,3,4500,4.908005701968756,11559,18314,0.05831160342809799,92.8068309241639
Realme,3i,Blue,iOS,Large,128,1,7.6,3,3,4820,2.1071940915218046,83679,63015,0.4981297933964312,106.61657573217376
Apple,C12,Yellow,Qualcomm,Small,16,2,4.7,1,1,4520,4.4366091858773355,35546,54004,0.025409617287097286,173.27108672580758
Samsung,8 5G,White,MediaTek,Very Small,32,4,5.6,3,3,4000,1.0738118164222281,24346,94413,0.18775635134236446,24.79702225006941
Xiaomi,iPhone 8,Gold,Water,Large,128,2,5.5,1,1,5065,4.267021937052812,59881,37874,0.4546114967614467,88.06551426194376
Samsung,3i,Purple,Qualcomm,Very Small,16,2,6.1,4,1,4035,3.74561815303994,62270,11643,0.11995963127751097,79.430039760706
Xiaomi,Galaxy A20,Others,Exynos,Small,128,12,4.7,2,2,4820,2.0038404911188556,64289,76801,0.23594284662031428,52.31671243734728
Xiaomi,Galaxy M32,Gold,MediaTek,Small,64,4,6.6,1,3,7000,3.107218871785132,57919,12214,0.037352738280821196,87.57433578895166
Samsung,Redmi Note 7 Pro,Bronze,MediaTek,Medium,256,1,6.6,4,3,3700,1.670620991628419,36418,7145,0.004156082247166015,91.24454258360815
Samsung,Redmi 8A Dual,Yellow,Ceramic,Very Small,128,8,4.7,4,1,4300,1.4435883188024654,92261,85807,0.16348583498496966,126.62476678595173
Poco,Redmi Note 9 Pro,Purple,Others,Very Small,16,2,5.6,4,1,4035,3.670794942044358,35787,18104,0.4727659478235127,102.02886699071163
Xiaomi,Redmi 9,Bronze,iOS,Large,256,12,5.2,3,2,5065,4.017765024957329,87166,30650,0.29646419207719477,106.97862540194507
Samsung,8 5G,Others,MediaTek,Medium,8,1,6.1,3,3,2942,2.2124653477796574,75988,60424,0.17345451815020435,136.74797470483014
Apple,Narzo 20,Bronze,Exynos,Very Large,64,6,5.5,1,2,4000,3.6313309429067093,60318,43875,0.4892044976021372,126.82782574442999
Realme,Galaxy A51,Yellow,Exynos,Very Small,8,1,6.5,1,2,4000,1.383346948151488,59878,66027,0.04006288023543236,127.79877705923117
Poco,Redmi Note 5,Red,Others,Small,64,6,6.0,1,1,5020,3.0941897213648897,23178,36194,0.08370903746867547,128.50214868865655
Xiaomi,Galaxy F41,Bronze,Qualcomm,Very Small,8,6,6.1,4,1,4100,2.1076305365184607,42855,18394,0.1618814467497927,151.2541123529064
Poco,Mi 11 Lite,Bronze,Qualcomm,Very Large,16,12,6.3,4,3,7000,2.377657107891559,8131,74271,0.48956569711926845,88.32925374676068
Apple,Galaxy A7,Others,Exynos,Medium,32,6,6.2,3,3,3400,3.842614103639371,70515,85314,0.43840112056723357,63.40129326636743
Poco,iPhone SE,Blue,Ceramic,Very Large,512,8,5.5,3,3,2600,4.5947758701897605,60154,42495,0.2868168060272625,47.56192810993005
Realme,Redmi 9,Silver,Exynos,Small,64,3,6.9,2,3,4310,1.0605791919020957,48394,65724,0.23758764207179917,60.22571768586757
Samsung,Narzo 30 5G,Bronze,iOS,Very Small,512,3,6.3,2,2,4030,1.719872941701786,60049,32694,0.2377652992583571,111.65809624419502
Poco,6,Others,Qualcomm,Very Small,16,4,6.3,4,1,4035,4.79900373790063,34375,64171,0.09929673079331963,128.2885294027728
Poco,Narzo 10,Bronze,iOS,Large,128,2,6.9,1,2,5000,3.6821857141589973,20232,67963,0.11673136420211971,158.95947089716412
Xiaomi,Galaxy S21 Plus,Green,Others,Small,128,2,6.1,3,3,4230,4.759578773952999,69029,18485,0.4736282388062589,175.943882847745
Samsung,Galaxy M31,Red,Others,Very Large,128,1,5.2,4,3,4310,1.3924608878949325,10201,12004,0.2677588746371523,101.63912333279323
Poco,Galaxy J6,Purple,Exynos,Very Large,256,1,6.3,3,2,4300,3.4044830383805884,94989,50294,0.011935981369150861,24.74519487383542
Xiaomi,Redmi Note 5,Green,Ceramic,Very Small,128,8,5.4,3,2,4000,3.8127762987932057,67606,92434,0.02864338482914408,29.531843428155426
Samsung,C11,Bronze,Exynos,Large,64,6,5.2,2,2,5020,3.7794215532991475,36677,98849,0.027502019947204193,100.90763410569662
Xiaomi,C3,White,Ceramic,Large,32,6,5.6,2,1,5065,2.9107657298749197,48799,92468,0.4176162901830077,33.04256163209993
Realme,Galaxy Note 20 Ultra 5G,Blue,MediaTek,Large,128,3,6.2,3,2,4300,4.331877529003416,39918,80539,0.09748721463986332,40.90392883039655
Samsung,Galaxy A31,Yellow,Water,Small,256,12,6.3,3,1,2600,1.5324783373523911,74036,26291,0.34008387604332513,68.26053176933635
Samsung,Redmi 6 Pro,Green,Others,Very Small,512,1,6.7,1,3,4500,1.0103138699927339,46358,30723,0.3847349937453998,44.69078728371143
Poco,Mi A1,Purple,Exynos,Medium,512,6,4.7,3,2,3000,2.4933354917122252,67276,10801,0.496538287236959,73.1193571454609
Poco,Galaxy A52s 5G,Yellow,Qualcomm,Large,256,1,6.5,4,1,4820,4.220258410952393,64974,34366,0.11735245800609861,60.65030560908467
Poco,Narzo 20A,White,iOS,Medium,512,2,5.7,2,3,5065,4.70913616398836,20239,69372,0.2873777761477076,179.20786440740613
Samsung,Galaxy A10,Others,Exynos,Very Large,16,12,6.4,2,1,4310,1.3388675633166125,6230,80388,0.07136315960009643,31.694406546286523
Xiaomi,Narzo 30 5G,Yellow,MediaTek,Very Small,64,1,6.1,1,2,4035,1.492499579494858,70421,25915,0.0021099529609782675,144.07499539479977
Xiaomi,Narzo 20A,Yellow,Others,Very Large,16,8,5.4,3,1,2815,4.110195036924457,93190,36645,0.4728877442904558,179.21869192170055
Realme,C2,Yellow,Exynos,Very Small,16,6,6.4,4,1,4250,4.126119718108531,83145,38047,0.01624955072671208,27.35659462472011
Realme,Narzo 20,Bronze,Ceramic,Very Large,512,12,5.7,1,2,4035,2.059566627489547,77469,77705,0.27441674400326016,93.55472338426057
Realme,Narzo 30 Pro 5G,Black,MediaTek,Medium,16,4,5.4,2,2,4520,4.735065657427478,20164,73787,0.2779616649148837,48.197391500889374
Poco,Mi 11 Lite,Yellow,MediaTek,Very Large,32,3,6.7,2,1,7000,4.850642631912988,48517,75811,0.23039102150400453,50.49885723189611
Samsung,Galaxy M02,Others,Water,Large,16,6,6.7,3,2,3080,3.5040204098064844,17059,48071,0.433469462184527,188.7293070472889
Realme,Narzo 10A,Others,Qualcomm,Medium,8,2,5.5,4,1,5020,2.2611262209408953,82428,73204,0.06030313182242353,127.63775334026737
Apple,Redmi 6 Pro,Yellow,iOS,Medium,32,1,5.2,3,1,4250,2.516489297776879,15819,49075,0.36646113109199635,24.110325790651842
Xiaomi,Galaxy Note10 Lite,Purple,iOS,Medium,128,4,5.4,1,2,4000,2.599449123729164,52961,45179,0.2875252822643915,65.67666929572948
Apple,6i,Green,Water,Small,32,6,6.0,1,1,4820,1.736177012119437,65872,26018,0.09643355837615974,163.30552963193367
Samsung,Mi 10T,Purple,MediaTek,Medium,128,8,6.1,2,3,4000,1.8426546150254657,37991,28511,0.3801944309421303,38.03679375599251
Samsung,iPhone 8,Black,Ceramic,Very Large,512,1,6.5,3,2,7000,4.991537227234511,68729,97493,0.23895443350380613,184.3053145957091
Xiaomi,Galaxy S21 Plus,Others,Water,Large,8,6,6.9,2,2,3300,3.6771043089430533,62811,92212,0.11659406644967257,137.34231335818745
Apple,Galaxy M02,Others,Qualcomm,Very Large,512,2,6.7,2,2,2942,3.8439154108811366,10259,68591,0.37632444306750207,59.53164723455669
Xiaomi,Redmi K20,Blue,Ceramic,Small,8,1,5.6,1,1,4780,1.7333118035495172,49143,19201,0.3322658653997353,124.99829977476493
Realme,Galaxy F12,Bronze,Qualcomm,Very Large,64,8,5.2,3,1,5160,3.8050304255855107,73472,79332,0.18373388894983067,86.17802284911646
Poco,C21,Purple,Water,Very Small,32,2,6.3,3,2,3400,2.2566549667941302,20664,13259,0.4821146387066481,37.448180772224134
Apple,Redmi Note 7,Others,Ceramic,Medium,8,2,6.7,3,3,4520,4.142213085000661,54461,88502,0.1206714937386052,112.13255433000207
Xiaomi,Galaxy J6,Green,Exynos,Large,256,3,6.1,1,1,4100,2.9788438488309583,7412,69014,0.3306671257018979,81.6723579070711
Apple,Galaxy F02s,Green,Qualcomm,Small,512,8,5.5,1,3,7000,4.064162700881962,68501,74911,0.4635953471335093,182.05471842072478
Xiaomi,Galaxy A7,Black,Qualcomm,Very Large,512,8,6.6,1,2,3080,2.7976993313213185,35437,58047,0.1464144297667727,8.008848823563785
Poco,Mi A3,Silver,MediaTek,Small,32,8,5.4,4,1,4000,1.5901729558514819,33886,97757,0.2997934291298757,61.514224502564915
Apple,Narzo 20,Black,iOS,Medium,32,2,6.2,1,3,3700,2.638371116424005,36408,73674,0.3677009098867438,63.6320324366868
Xiaomi,GT 5G,Others,Ceramic,Large,256,3,5.2,4,2,4035,1.7965042524765127,27030,51708,0.013912819973245616,79.15245407555477
Xiaomi,Galaxy S10,Bronze,MediaTek,Very Small,128,2,5.8,3,2,4300,4.492405160167825,57781,71518,0.25974881292070656,144.76673671829542
Xiaomi,GT 5G,Yellow,Water,Small,128,2,6.7,1,1,4035,4.579420708269234,27602,99736,0.12843969590839255,53.99441977586563
Poco,Galaxy M42,Others,Exynos,Small,256,1,4.7,1,3,4200,1.3964595043743095,27722,43720,0.46818973264143876,76.57064856865495
Realme,Mi A1,Gold,iOS,Medium,256,3,5.4,4,2,6000,3.5215609493982027,68809,83623,0.1379250562805005,181.12140146460155
Xiaomi,Redmi Note 7,Bronze,Water,Large,128,2,6.6,4,2,4230,3.5342981271847282,19577,56520,0.381765786489899,105.07636887321262
Realme,C12,Blue,MediaTek,Large,64,6,6.2,3,3,3300,4.443346095926451,97683,32128,0.49709543247018234,151.57082371055228
Apple,Galaxy A50s,Red,Qualcomm,Small,64,12,5.5,4,3,2942,3.808337479313932,91920,16300,0.13411706717750693,129.06066495784356
Xiaomi,Galaxy A22 5G,Gray,MediaTek,Large,512,6,6.6,1,3,2942,1.0124751378740457,19886,49695,0.1693219018960197,128.48059234025982
Apple,Galaxy F62,Yellow,MediaTek,Very Large,128,2,6.4,1,1,3000,3.380524689290761,38927,10745,0.1909874961281634,191.93627757698152
Apple,Galaxy A22,White,MediaTek,Large,512,12,6.9,4,3,4400,3.489817562248303,80686,80036,0.21720148725202437,18.04335713935117
Xiaomi,C11,Silver,Water,Medium,16,1,4.7,2,3,4500,2.57010703176371,97101,67374,0.40467250705251917,24.091986938250145
Xiaomi,Redmi Note 7,Red,Qualcomm,Large,64,3,6.1,2,3,3700,3.9017065579384806,69866,20571,0.34358758236055653,99.25019904177239
Xiaomi,6i,Black,iOS,Small,64,12,5.8,4,2,3400,1.5448067522635145,30935,67288,0.3910351286715062,1.2361860430432747
Xiaomi,Redmi K20,Gold,Water,Large,16,8,6.4,4,1,4030,2.969231415953374,78152,73263,0.22644782435106436,10.30992265522437
Xiaomi,6,Silver,Ceramic,Large,512,12,5.2,4,3,4800,2.0237200130104567,42022,46354,0.21758752044335494,186.9110783663786
Xiaomi,8s 5G,Gold,Exynos,Small,64,12,5.4,4,3,5160,1.118279438555485,34113,72517,0.3750788948180236,65.35164659395029
Poco,Galaxy J7 - 6,Blue,iOS,Medium,128,6,6.9,1,1,4310,1.4616586933378763,25382,82400,0.288371253194088,153.79655164387256
Samsung,Redmi 8A Dual,Gold,Others,Medium,16,2,4.7,2,1,4000,3.663473327591616,62027,14986,0.49175662257847824,71.95324338948437
Samsung,Galaxy A20,Bronze,Water,Large,16,2,6.4,1,3,1800,4.569862270044414,2135,63780,0.39825143774163657,66.72312502404183
Poco,M02s,Others,Water,Very Large,32,2,6.0,1,2,4100,2.1745402321950458,49555,26000,0.04786507921140287,125.01334669147556
Poco,C25,Silver,Exynos,Very Large,32,2,5.4,4,3,4100,2.610830150785472,76950,42666,0.49794027455616563,43.93018377012212
Samsung,Narzo 30 5G,Black,Exynos,Small,128,12,6.2,1,3,1800,3.7403110661361954,6724,85115,0.1883061820542825,37.04341616253832
Samsung,GT Master Edition,Purple,iOS,Very Small,128,2,5.6,3,2,5065,3.538419217264843,50365,29423,0.32694744061750475,40.61683233405107
Xiaomi,iPhone SE,Green,MediaTek,Medium,128,4,5.5,1,2,2942,2.334758546614107,34552,51148,0.03754598434359857,1.894486690453312
Xiaomi,iPhone XR,Gold,Exynos,Very Large,16,8,7.6,3,3,2815,1.4242322033350465,96046,99638,0.49005369474565796,94.67748624688099
Samsung,Galaxy F12,Others,Water,Medium,16,8,6.6,1,3,4520,4.1276412296103935,50595,10619,0.2233553965495662,59.94057092537848
Xiaomi,Galaxy A50s,Blue,Ceramic,Very Large,128,8,6.4,4,1,4000,4.4200949651630115,11843,39552,0.4486953856487627,169.84327133271805
Xiaomi,M3 Pro 5G,Gray,Others,Large,16,4,6.0,1,2,4000,4.864805896301712,81316,42839,0.3628082093290512,94.92809776372198
Apple,Galaxy M30s,Black,Others,Very Small,16,8,5.4,1,1,3300,1.528663496465609,80320,29438,0.07081215412853376,31.494987279850317
Poco,8s 5G,Green,iOS,Large,512,4,6.2,1,3,7000,2.4935660715693246,95200,73062,0.40905458145290957,149.40350955616825
Samsung,Galaxy A7,Red,Ceramic,Medium,256,6,6.0,2,3,2815,1.5180100683599234,45063,29311,0.3146924813260705,28.068887621937357
Apple,Galaxy Fold 2,Gray,Qualcomm,Large,32,4,6.4,4,2,3300,4.238823413922319,68152,68901,0.3515950930764723,132.03934540213945
Samsung,Narzo 10,Red,MediaTek,Large,128,2,5.5,4,1,5160,1.8928620587739733,72959,71015,0.338663302919496,71.83598857356792
Samsung,Galaxy S21,White,Others,Medium,256,2,5.5,2,3,4300,4.902263268505501,30362,95343,0.3031030185652749,62.20325722366204
Xiaomi,Galaxy S21 Plus,Silver,Water,Very Large,32,4,5.7,1,1,5065,4.169527909558851,32803,64464,0.46719779306577064,38.01800132559292
Apple,C21Y,Black,Water,Very Small,128,6,5.2,4,3,3300,2.1878617029817726,96109,85234,0.19657425948098284,167.94182519066737
Realme,Redmi 6 Pro,Black,MediaTek,Medium,8,12,5.4,1,1,4230,1.5330222989879991,30379,24112,0.29416501055008515,193.68055288888445
Samsung,Galaxy A7,White,Qualcomm,Small,8,2,4.7,2,2,4100,4.21964783159638,73157,36498,0.27295097530562173,118.45665934234009
Samsung,Galaxy Note10 Lite,Gray,Exynos,Medium,512,4,6.4,3,3,4520,3.103396086786057,51957,57091,0.08749439380144758,17.333272556942703
Samsung,C21,Blue,Exynos,Very Small,64,12,5.7,2,1,5000,4.920624994904109,32691,23888,0.2943980081176312,123.57116491971851
Poco,Galaxy F22,Purple,Water,Very Large,32,8,5.4,3,3,2942,2.928395137012897,19155,98941,0.10687212183010675,73.32952471551368
Realme,Galaxy S21 Plus,Red,Ceramic,Small,128,2,4.7,3,2,5000,4.757558095023534,98241,38383,0.4703549985264528,75.48005072339643
Xiaomi,Galaxy A10,Purple,Qualcomm,Medium,32,2,6.7,4,1,4520,2.6154580519970745,46874,18151,0.12919929650531364,74.74695275106174
Poco,3i,Gray,Water,Small,512,6,5.8,4,1,4030,2.9830676106841283,90104,23447,0.34841062486248237,24.07583583203765
Apple,Galaxy A52,Gray,iOS,Very Large,8,2,6.5,1,3,4820,1.2487513940866592,36363,53271,0.39129074027151156,161.52096230469803
Apple,Galaxy S21 Plus,Red,Qualcomm,Large,8,4,6.5,2,1,5160,3.5271970965109434,40329,65971,0.4225239712546463,84.85738049138479
Realme,C21,Gold,Ceramic,Medium,256,2,6.2,4,1,3080,2.3404502831069807,56591,30745,0.4370960886898167,99.91651386345136
Samsung,Redmi Note 5,White,MediaTek,Small,256,2,5.7,3,3,4035,3.1310486874147507,63667,33515,0.16293394870786237,175.22678600327268
Xiaomi,Narzo 30A,Purple,Water,Very Small,256,4,6.5,1,3,4820,4.051780460905503,11197,87013,0.37925745508666836,135.74824414082983
Samsung,Galaxy Grand 2,Silver,Exynos,Very Large,8,6,5.4,2,1,6000,2.2681747119276907,30417,40216,0.18818659835242835,192.47148726706686
Apple,7 Pro,Yellow,Ceramic,Small,512,12,4.7,1,1,2815,4.222354743247481,44112,6944,0.1894455624564257,109.7920529880281
Poco,Redmi Note 4,Blue,Water,Small,32,4,5.2,3,1,6000,3.904861008086606,82549,65557,0.07530949828540501,19.908559837599338
Poco,M3,Gray,Water,Very Small,128,3,5.8,2,2,4500,1.3884798928247375,72038,62090,0.30596674552589537,107.32065724504112
Samsung,Narzo 10,Gray,iOS,Medium,32,2,5.6,4,1,4520,2.6793684471902206,59864,83897,0.30905986906809707,107.54206857874135
Poco,iPhone 7 Plus,Yellow,Others,Large,8,3,6.5,1,1,7000,4.8109409869913184,12314,17151,0.16421959537258352,196.59332657087194
Xiaomi,Mi 11X,Yellow,MediaTek,Very Large,512,4,5.5,3,1,4250,1.2783097884503833,67053,99140,0.46121476481691087,118.82521524611876
Apple,Galaxy S20 FE,Silver,Water,Medium,16,12,6.7,2,2,4400,1.3781310156662072,46676,52038,0.09869043399872429,86.62253572319291
Samsung,Galaxy M32,Others,iOS,Very Large,32,12,5.6,3,2,4030,4.2059677228152115,79716,19972,0.2680826442917898,101.32834795041713
Xiaomi,Galaxy M11,Purple,Exynos,Medium,16,2,6.1,3,2,4000,4.839832936598463,30717,27553,0.22420728799455858,153.02571754917344
Samsung,6,Bronze,Qualcomm,Medium,64,4,4.7,2,2,4800,1.1423376024226295,20554,22444,0.19618442956432397,195.07496324813724
Poco,Galaxy S21 Plus,Others,Water,Medium,64,12,6.2,3,3,5065,4.256956448955659,29738,83450,0.23546733810531084,187.5598160186151
Poco,Galaxy S10,White,MediaTek,Large,64,6,6.4,3,2,6000,1.6604764399899494,12504,89781,0.11944002153772881,193.22345206473102
Realme,Narzo 20,Others,Water,Medium,64,6,6.3,1,3,3080,4.930006159387828,18664,49964,0.4987781891375419,52.34899218372435
Xiaomi,Galaxy M11,Silver,iOS,Very Large,128,1,6.7,2,3,4100,2.2037215125023657,10467,73501,0.16570267828877722,115.41083717692962
Poco,Galaxy A52,Gold,Qualcomm,Small,8,4,6.1,3,2,2600,3.637434310116487,92492,49311,0.3733897683160485,138.8492727297991
Realme,Galaxy J6,Black,iOS,Very Large,256,3,6.7,1,1,5065,4.018942521987684,31335,97027,0.36053674344538034,33.06597439438199
Samsung,Galaxy F62,Bronze,MediaTek,Very Large,64,1,6.4,3,1,2815,3.7601227518489106,44198,69682,0.3793471538750823,84.69961464438951
Samsung,Redmi Note 7,Gold,iOS,Small,8,12,5.4,1,1,3000,1.9995754354757707,65709,67125,0.47405786339247813,169.65048491778134
Poco,Galaxy A31,Bronze,iOS,Very Large,16,2,4.7,3,3,4030,4.630712035236331,42182,17279,0.34365132145706345,180.4101581538148
Realme,Redmi Note 6 Pro,Gold,Water,Large,32,6,6.6,3,2,4820,2.0217329791531906,87,25879,0.3703388745441062,11.900852350502621
Apple,Galaxy A21s,Green,iOS,Medium,16,6,6.2,1,2,5065,4.9478212492135185,66597,88312,0.14603246712951157,1.2484445075378048
Samsung,M2,Red,Others,Medium,512,4,7.6,3,3,4780,2.1052891085270864,28994,14257,0.36783091921889133,98.30547696764344
Samsung,5 Pro,Gold,Water,Large,512,2,5.5,1,1,6000,2.197455308187542,46281,39299,0.03858812698660302,49.47281494963447
Samsung,Galaxy M30s,Gold,Water,Medium,8,4,6.9,4,1,4100,3.3464914348491117,52201,97755,0.45810382672119476,94.86233430397424
Xiaomi,7 Pro,Black,Exynos,Very Large,16,4,5.4,4,3,4800,2.424426215427931,38599,39092,0.08291542783556616,64.71743223461795
Apple,Narzo 20A,White,Others,Very Large,64,4,6.1,4,3,4030,4.178140295966154,19147,52114,0.2839360517242021,150.00023207212135
Apple,Galaxy S20 FE,White,Ceramic,Very Large,256,12,5.5,3,1,4200,3.686253505667962,199,43809,0.19327850529627977,134.52355551279769
Apple,iPhone SE,Purple,Others,Very Large,32,12,6.6,1,2,5065,3.538963751796983,85792,96570,0.45201501249176934,85.33778375360279
Samsung,Narzo 10A,Silver,Others,Very Small,16,4,6.2,3,2,5065,3.0953533225197836,43599,25144,0.4667519491911206,66.18369018599968
Realme,X7 Max,Red,iOS,Very Small,32,8,6.9,3,2,4400,1.9286200909349578,52120,52641,0.40332122181216096,47.69861602279999
Realme,Galaxy Note10 Lite,Blue,Others,Very Small,512,3,5.8,2,3,6000,1.071598467904674,45826,30690,0.472004071800013,10.260213972699583
Poco,Galaxy A22 5G,Black,Ceramic,Small,32,6,5.6,4,2,5160,1.7546600972151833,4068,99735,0.321900751117216,198.17173179003942
Xiaomi,Mi A1,Others,Others,Small,128,4,6.2,2,2,2600,4.338877985215129,463,96164,0.07672057802146515,122.5643670595349
Poco,C12,Silver,Ceramic,Very Small,8,4,6.9,1,3,4035,1.7790746783351428,55194,52837,0.33957093658379967,91.65157448284222
Apple,X3 SuperZoom,Gold,iOS,Small,32,12,6.5,4,2,4200,4.463001138230679,33460,53212,0.2624620521445567,48.34190420346627
Poco,6i,Black,MediaTek,Very Large,512,6,6.3,2,3,4520,1.924526980031819,15744,69009,0.4986676810422212,181.11173144623444
Realme,Mi 10T,Bronze,Ceramic,Very Large,64,4,5.4,3,3,5020,3.745534395881584,32622,61083,0.08229301582325044,48.34041223514729
Xiaomi,Galaxy Note 20 Ultra 5G,Red,Qualcomm,Large,128,8,5.6,3,1,5160,1.660194382409904,34768,71963,0.483133053373135,88.46272633042499
Poco,6i,Bronze,iOS,Very Small,128,12,6.5,1,1,4035,3.204680156559539,59558,70996,0.23714458050045717,191.4017693697825
Xiaomi,Galaxy Note10 Lite,Gray,Water,Large,8,6,7.6,2,1,4250,3.6148921521000896,28782,76126,0.4041072011450447,114.14675486873418
Poco,Narzo 10,Gray,iOS,Small,64,12,6.4,3,1,3000,3.861340158260954,2984,93249,0.4047325273832021,147.00166728066472
Poco,iPhone 12 Mini,Gold,MediaTek,Small,256,1,5.5,4,1,2942,1.0151749921970854,86187,13744,0.3963507798185268,191.87393773738052
Poco,Galaxy J7 - 6,White,Water,Very Small,64,2,6.5,4,3,2600,1.7278876921021191,20588,46188,0.36146404611534855,36.358660877598645
Realme,M02s,Others,Exynos,Very Small,8,8,6.9,2,3,7000,4.1153077917866066,94520,31202,0.05703343680928741,184.51832818839057
Xiaomi,Galaxy Note 20 Ultra 5G,Gray,Ceramic,Large,128,4,6.0,1,2,4200,4.213672159490961,86852,6343,0.46545083831115913,131.19210578745694
Apple,Galaxy Note10 Lite,Black,Others,Very Large,32,8,6.1,2,2,4800,4.984251244551805,64832,84325,0.1396973861922824,80.14102705923504
Apple,X3,Gold,Exynos,Large,64,1,5.5,2,1,4400,4.434086979370351,78413,51714,0.04488535043450703,169.76282353599717
Realme,Galaxy A22 5G,Gray,MediaTek,Small,32,2,5.5,2,3,5020,4.54412350241495,90110,55093,0.31494992320689164,176.29638449424414
Samsung,8 Pro,Black,Water,Small,8,1,6.2,4,3,4500,1.3953351280891355,57574,50026,0.22893653820744408,35.89005390596498
Samsung,Galaxy M02,Black,Water,Small,64,4,5.2,2,3,4500,2.0186781187309846,84319,94565,0.12016695590039422,134.20126050187847
Samsung,Redmi Note 5,Gold,Water,Very Small,128,8,6.0,3,3,5000,3.786072306946341,39036,38834,0.012221367372068581,187.99600308094665
Xiaomi,Mi 11X,Purple,Qualcomm,Very Large,32,6,6.4,1,2,5065,2.269460170550507,43899,64282,0.12713103426211197,51.17042228103477
Realme,Narzo 10A,White,Exynos,Very Large,32,2,5.2,4,3,5065,3.311086208237354,76895,14719,0.4063947874635843,46.57766509194374
Xiaomi,Galaxy A51,Silver,MediaTek,Small,64,6,4.7,2,1,4500,1.7365565262800091,64696,33842,0.4745897563071423,183.43109842168303
Apple,Galaxy Z Fold3 5G,Yellow,Qualcomm,Very Large,8,2,4.7,4,3,5000,1.5320138380907995,9029,10079,0.152039582670062,46.32903874151264
Apple,Narzo 20,Bronze,iOS,Small,256,6,6.0,3,2,4250,4.945676080373277,86604,40524,0.1906705061565211,168.98804755851145
Samsung,8 Pro,Others,Water,Medium,256,12,6.3,3,3,5160,1.9672652287369106,52926,57005,0.45788447744536237,185.3629772777171
Realme,Galaxy S20 FE,Bronze,Water,Small,256,2,5.2,1,1,7000,1.2553166786393177,84924,86109,0.23531345836181472,53.96498342385561
Xiaomi,C15,Black,Ceramic,Large,32,12,7.6,3,3,3000,4.392749369438627,8431,47863,0.2661723782916725,72.94762925617945
Xiaomi,Mi 10T,Others,Qualcomm,Very Large,128,6,6.3,4,3,4800,3.4204435832874625,14595,33932,0.3079381829274757,88.57564632950226
Samsung,Galaxy J7 - 6,Red,MediaTek,Small,16,3,4.7,2,3,4100,4.092479699489968,15600,67274,0.13887193185004054,144.8441025807854
Realme,Narzo 30 Pro 5G,White,Qualcomm,Large,128,1,6.6,2,3,4230,1.0650352427559984,35079,22114,0.12940793666360223,40.642079435149746
Samsung,M02s,Red,iOS,Medium,512,6,6.5,2,1,4030,2.6895921676658077,1314,65954,0.07381239203303191,81.66424104700792
Apple,Mi 11X Pro 5G,Gray,Qualcomm,Very Small,16,2,6.4,1,1,1800,1.8794081128116469,78737,37196,0.2596160626687895,187.71473696262373
Xiaomi,Galaxy A52s 5G,Black,MediaTek,Very Small,32,3,5.8,2,3,4100,4.964544647812602,83626,83369,0.46201082634741575,130.12727023638058
Samsung,Mi 10i,White,Qualcomm,Very Large,32,1,6.9,1,2,4310,3.543536127769146,10009,84110,0.0769874046601331,110.26812471572029
Apple,Galaxy A7,Purple,iOS,Very Small,64,4,6.3,1,3,2942,2.024029450328156,70864,69390,0.11260776895837793,34.61913651188973
Apple,Galaxy M42,Gray,Qualcomm,Medium,64,2,5.4,4,2,6000,4.388903538529844,54375,62204,0.02153860762852705,147.49246371866815
Poco,C11,Silver,MediaTek,Small,8,1,5.4,3,2,4500,4.645929091567318,10465,82068,0.30733167809957396,19.531491597272854
Samsung,Galaxy A7,Yellow,iOS,Very Small,8,8,7.6,4,3,5065,4.0539760203174176,92054,24883,0.16871133597715232,95.50864906588232
Apple,Galaxy J6,Silver,Water,Medium,512,4,6.4,2,2,7000,4.386561092159434,64551,33547,0.21169197870303258,138.87213491185113
Realme,5 Pro,Gold,Water,Large,8,2,6.2,3,1,5000,2.2446744874214697,73141,53959,0.3263719485495588,188.59504521827986
Samsung,Galaxy A52s 5G,Purple,Qualcomm,Small,32,6,6.6,3,3,4820,2.2610003516055364,87236,87411,0.33586220443568765,43.15003803675814
Xiaomi,C3,Silver,Exynos,Large,8,8,5.4,1,2,5160,3.278813046449658,2802,9133,0.2647184624353061,69.00954156153298
Poco,Galaxy Z Flip3 5G,Black,Ceramic,Very Large,128,3,4.7,2,3,2942,2.8217753673820463,51945,57829,0.3794342458860706,163.76851068362905
Poco,Mi 11X,White,Ceramic,Very Large,512,1,6.2,3,2,4035,4.791648294549148,54330,9966,0.22512741908368444,88.12889611316751
Samsung,Narzo 20,Green,Water,Very Small,512,2,5.5,1,2,4800,2.672288444799607,41257,87377,0.08560488213146444,53.089459245644036
Apple,Redmi 9A,Blue,Ceramic,Large,256,4,5.5,3,2,2942,4.400186053208746,96934,86535,0.436335946614289,169.31555998426055
Samsung,C12,Blue,Exynos,Medium,128,1,7.6,1,1,4520,2.3036870011933783,89330,75471,0.005040698595226878,120.80719678939586
Samsung,Redmi 6 Pro,Others,MediaTek,Very Large,512,1,5.6,2,3,4310,3.647958054335207,45426,89174,0.3908162181269529,165.70684931340236
Xiaomi,Galaxy F22,Black,MediaTek,Small,8,6,6.5,2,2,4200,2.3594898375911826,39813,84647,0.025379347156079757,189.1329844578282
Realme,Narzo 10,White,Exynos,Large,64,6,6.6,2,1,4200,4.536225708247301,71367,30994,0.1979509807835682,91.76516814282112
Samsung,Redmi Note 7 Pro,Black,iOS,Very Large,128,4,5.4,3,2,5160,4.765413106293222,7449,48172,0.48749422901134537,187.4240180678903
Poco,Narzo 30 Pro 5G,Gray,Others,Very Large,64,4,5.7,2,2,4400,4.270390367717932,68380,22709,0.28906371325822805,53.13000837852413
Apple,Redmi 6 Pro,Others,MediaTek,Very Large,512,2,5.6,3,1,4500,2.2871625553674995,4187,34163,0.40401499098586363,50.08244132186712
Samsung,Mi 11X Pro 5G,White,Others,Small,16,4,6.6,4,3,4250,4.962738743407359,37220,51609,0.16383148827669836,65.33170072573122
Realme,X7 5G,Red,Ceramic,Very Large,16,3,5.2,4,3,3000,4.4767662059525115,37705,32467,0.44975626389432977,10.364645463420707
Samsung,Redmi Y3,Yellow,iOS,Medium,8,1,5.7,4,1,3000,4.873095711000849,57350,71941,0.4725952212527291,108.60789084046276
Poco,Redmi 9A,White,MediaTek,Small,8,12,6.2,1,1,2815,2.821788136842554,54555,80488,0.3025183127268589,117.66396882348644
Realme,Redmi 8A Dual,Purple,Water,Small,64,4,6.5,4,3,5020,4.982106545874411,14779,13628,0.10617029857747967,13.702681922184423
Xiaomi,C21Y,Purple,iOS,Small,16,12,5.7,3,1,6000,1.495338665148521,97439,79015,0.4163119089111477,139.72657941105442
Samsung,8 Pro,Red,Ceramic,Very Large,8,1,7.6,1,3,3000,4.682020736130319,38547,62504,0.08131426194293606,23.1295528567953
Xiaomi,8s 5G,Black,Ceramic,Medium,32,8,5.5,1,2,4000,3.5254442029415647,7648,49741,0.25380148301048583,44.97481324374839
Samsung,Galaxy A22,Blue,Exynos,Medium,128,3,5.6,3,3,4820,1.9710183054917754,86164,54856,0.17811539195871623,18.903060594838905
Samsung,Narzo 10A,Red,Water,Very Small,256,6,6.9,4,1,3400,2.8900972853372044,64587,57988,0.23406778564881014,153.98062189423013
Apple,Redmi Note 7,Purple,iOS,Very Large,128,4,6.2,2,2,3700,1.3834863050547401,54708,55031,0.19437032306540952,68.54686567513555
Apple,X3,White,MediaTek,Medium,128,12,6.3,1,3,5065,1.4596451982010161,31474,98492,0.263776303295388,104.03362763232134
Realme,Galaxy F02s,White,Ceramic,Medium,128,1,5.5,1,3,5160,3.476851054781356,2666,98191,0.10953823061352319,163.40711410222323
Xiaomi,5 Pro,Blue,iOS,Very Small,8,1,6.2,2,2,4400,1.6504519263064905,24209,98002,0.32149970037592096,147.65098142805584
Realme,C3,Yellow,Qualcomm,Large,64,2,5.8,1,1,4500,1.7557249710625213,91219,13602,0.09075665552656015,193.4496215110345
Samsung,Redmi Note 5 Pro,Purple,Others,Very Small,256,8,6.1,3,1,3400,3.6004797613716826,26645,66834,0.2843113087295371,89.11308958636542
Samsung,X7 Max,Gold,Qualcomm,Very Small,256,1,6.0,3,1,4250,4.176557684458431,68814,28900,0.4785115495495035,108.82440998161297
Samsung,Redmi Note 4,Blue,Others,Large,16,6,5.2,1,2,4230,4.717606387769143,65191,69146,0.34360759244488576,158.74212852395002
Poco,C21,Yellow,Ceramic,Small,512,2,5.4,2,3,4500,1.0692071005625774,45257,32439,0.3733311338326341,171.23900355017815
Apple,Galaxy S21,Others,Qualcomm,Small,256,3,4.7,4,3,3080,3.0131544185654344,63724,61543,0.288105137712072,163.8038438515744
Xiaomi,Galaxy M32,Gray,Others,Medium,128,4,5.7,3,3,4230,1.0976861474351152,69858,64208,0.2544023067507465,162.19458985624397
Poco,Redmi K20,Black,MediaTek,Medium,8,4,5.6,3,1,5000,1.3866699080355498,9686,60299,0.389293857230354,161.16297354451265
Samsung,iPhone 12 Mini,Red,Water,Large,32,12,4.7,1,1,4520,2.2685874692013375,93236,9818,0.49285083486081827,61.976372761757645
Realme,Galaxy Note 20 Ultra 5G,Gray,MediaTek,Small,16,8,5.7,2,2,4250,1.862825954584173,2732,33311,0.10099155456228348,126.50179355999008
Samsung,Redmi K20,Silver,Ceramic,Medium,16,12,5.2,4,1,2815,4.642340686556092,89874,92352,0.23789309667953945,115.1820220954459
Poco,C12,Bronze,Water,Large,256,3,6.3,3,1,1800,1.8699655542412028,61535,74800,0.2652253529579318,21.833588885648968
Xiaomi,Redmi 9A,Purple,Qualcomm,Very Small,32,2,6.0,2,2,5065,2.6863079356948645,14651,24682,0.26617814350157115,97.29089713415502
Poco,C21Y,Silver,MediaTek,Small,32,4,5.7,2,3,5065,1.9337572616923797,83625,77132,0.12134419932935026,118.47496219512601
Samsung,Narzo 10A,Blue,Exynos,Medium,256,1,6.2,4,3,3000,3.0689328459257483,71776,64817,0.4033847124470495,17.02565579386055
Apple,Galaxy A03s,Purple,Water,Very Small,256,12,6.7,2,2,7000,2.882465890068217,41481,98410,0.3737664898856986,117.65456501176364
Samsung,Galaxy F22,Silver,Others,Very Small,256,2,6.5,4,2,2600,4.061622584808786,52377,6182,0.11517932988487506,131.6685249954614
Samsung,Mi 10,Green,Others,Very Large,512,6,6.1,4,2,4100,1.7628625573526344,69627,93066,0.19566275879495248,38.64184512685021
Poco,Mi 10i,Others,Water,Small,64,6,6.1,3,1,4200,4.717259850656055,32598,42483,0.3166568032060597,11.582678071316522
Xiaomi,M02s,Gray,Water,Medium,512,4,6.4,4,2,4035,1.6486433143948558,65606,96876,0.379219863983555,6.066300097717936
Samsung,Galaxy J6,Yellow,iOS,Small,32,1,6.1,3,2,4300,2.963358634923617,6526,41791,0.05119465395596251,124.94218216223656
Xiaomi,C15,Gold,MediaTek,Very Large,512,3,4.7,3,3,3400,4.362256443248543,62561,25267,0.22203181935271515,62.471571666220235
Poco,Galaxy Note 20 Ultra 5G,Yellow,Others,Medium,256,1,6.5,3,2,4030,1.1719601665669916,79882,29181,0.2678419840711991,74.86621448261843
Realme,Redmi 9,Red,Water,Medium,512,4,5.5,4,3,3400,3.1449833694404012,59852,5742,0.3690706572611165,193.70935789981763
Xiaomi,M3,Red,Exynos,Very Large,256,8,6.1,1,3,3400,4.682637650993782,41573,14281,0.4805705054730291,72.35795318738225
Poco,GT 5G,Bronze,Qualcomm,Small,16,1,6.4,1,1,5065,2.5945940375802996,66902,40298,0.058805391320350564,108.29203327806842
Apple,Galaxy J6,Gold,Ceramic,Very Small,128,1,4.7,2,1,4820,2.619797931510161,61136,83346,0.01937333977146566,140.4887589942503
Apple,Mi A3,White,Water,Large,64,3,6.6,4,3,4200,1.6296354997071747,14646,96863,0.36255087556358306,188.201900255478
